stat_id,form_id,form_type,hp,attack,defense,sp_attack,sp_defense,speed
0001_0_一般,0001_0,一般,45,49,49,65,65,45
0002_0_一般,0002_0,一般,60,62,63,80,80,60
0003_0_一般,0003_0,一般,80,82,83,100,100,80
0003_1_一般,0003_1,一般,80,82,83,100,100,80
0003_2_一般,0003_2,一般,80,82,83,100,100,80
0003_0_超级进化,0003_0,超级进化,80,100,123,122,120,80
0003_1_超级进化,0003_1,超级进化,80,100,123,122,120,80
0003_2_超级进化,0003_2,超级进化,80,100,123,122,120,80
0004_0_一般,0004_0,一般,39,52,43,60,50,65
0005_0_一般,0005_0,一般,58,64,58,80,65,80
0006_0_一般,0006_0,一般,78,84,78,109,85,100
0006_1_一般,0006_1,一般,78,84,78,109,85,100
0006_2_一般,0006_2,一般,78,84,78,109,85,100
0006_3_一般,0006_3,一般,78,84,78,109,85,100
0006_0_超级喷火龙Ｘ,0006_0,超级喷火龙Ｘ,78,130,111,130,85,100
0006_1_超级喷火龙Ｘ,0006_1,超级喷火龙Ｘ,78,130,111,130,85,100
0006_2_超级喷火龙Ｘ,0006_2,超级喷火龙Ｘ,78,130,111,130,85,100
0006_3_超级喷火龙Ｘ,0006_3,超级喷火龙Ｘ,78,130,111,130,85,100
0006_0_超级喷火龙Ｙ,0006_0,超级喷火龙Ｙ,78,104,78,159,115,100
0006_1_超级喷火龙Ｙ,0006_1,超级喷火龙Ｙ,78,104,78,159,115,100
0006_2_超级喷火龙Ｙ,0006_2,超级喷火龙Ｙ,78,104,78,159,115,100
0006_3_超级喷火龙Ｙ,0006_3,超级喷火龙Ｙ,78,104,78,159,115,100
0007_0_一般,0007_0,一般,44,48,65,50,64,43
0008_0_一般,0008_0,一般,59,63,80,65,80,58
0009_0_一般,0009_0,一般,79,83,100,85,105,78
0009_1_一般,0009_1,一般,79,83,100,85,105,78
0009_2_一般,0009_2,一般,79,83,100,85,105,78
0009_0_超级进化,0009_0,超级进化,79,103,120,135,115,78
0009_1_超级进化,0009_1,超级进化,79,103,120,135,115,78
0009_2_超级进化,0009_2,超级进化,79,103,120,135,115,78
0010_0_一般,0010_0,一般,45,30,35,20,20,45
0011_0_一般,0011_0,一般,50,20,55,25,25,30
0012_0_第六世代起,0012_0,第六世代起,60,45,50,90,80,70
0012_1_第六世代起,0012_1,第六世代起,60,45,50,90,80,70
0012_0_第六世代之前,0012_0,第六世代之前,60,45,50,80,80,70
0012_1_第六世代之前,0012_1,第六世代之前,60,45,50,80,80,70
0013_0_一般,0013_0,一般,40,35,30,20,20,50
0014_0_一般,0014_0,一般,45,25,50,25,25,35
0015_0_一般（第六世代起）,0015_0,一般（第六世代起）,65,90,40,45,80,75
0015_1_一般（第六世代起）,0015_1,一般（第六世代起）,65,90,40,45,80,75
0015_0_超级进化,0015_0,超级进化,65,150,40,15,80,145
0015_1_超级进化,0015_1,超级进化,65,150,40,15,80,145
0015_0_一般（第六世代以前）,0015_0,一般（第六世代以前）,65,80,40,45,80,75
0015_1_一般（第六世代以前）,0015_1,一般（第六世代以前）,65,80,40,45,80,75
0016_0_一般,0016_0,一般,40,45,40,35,35,56
0017_0_一般,0017_0,一般,63,60,55,50,50,71
0018_0_一般（第六世代起）,0018_0,一般（第六世代起）,83,80,75,70,70,101
0018_1_一般（第六世代起）,0018_1,一般（第六世代起）,83,80,75,70,70,101
0018_0_超级进化,0018_0,超级进化,83,80,80,135,80,121
0018_1_超级进化,0018_1,超级进化,83,80,80,135,80,121
0018_0_一般（第六世代以前）,0018_0,一般（第六世代以前）,83,80,75,70,70,91
0018_1_一般（第六世代以前）,0018_1,一般（第六世代以前）,83,80,75,70,70,91
0019_0_一般的样子,0019_0,一般的样子,30,56,35,25,35,72
0019_1_一般的样子,0019_1,一般的样子,30,56,35,25,35,72
0019_0_阿罗拉的样子,0019_0,阿罗拉的样子,30,56,35,25,35,72
0019_1_阿罗拉的样子,0019_1,阿罗拉的样子,30,56,35,25,35,72
0020_0_一般,0020_0,一般,55,81,60,50,70,97
0020_1_一般,0020_1,一般,55,81,60,50,70,97
0020_0_阿罗拉的样子,0020_0,阿罗拉的样子,75,71,70,40,80,77
0020_1_阿罗拉的样子,0020_1,阿罗拉的样子,75,71,70,40,80,77
0021_0_一般,0021_0,一般,40,60,30,31,31,70
0022_0_一般,0022_0,一般,65,90,65,61,61,100
0023_0_一般,0023_0,一般,35,60,44,40,54,55
0024_0_第七世代起,0024_0,第七世代起,60,95,69,65,79,80
0024_0_第七世代之前,0024_0,第七世代之前,60,85,69,65,79,80
0025_0_皮卡丘(第六世代起),0025_0,皮卡丘(第六世代起),35,55,40,50,50,90
0025_1_皮卡丘(第六世代起),0025_1,皮卡丘(第六世代起),35,55,40,50,50,90
0025_2_皮卡丘(第六世代起),0025_2,皮卡丘(第六世代起),35,55,40,50,50,90
0025_3_皮卡丘(第六世代起),0025_3,皮卡丘(第六世代起),35,55,40,50,50,90
0025_0_搭档皮卡丘,0025_0,搭档皮卡丘,45,80,50,75,60,120
0025_1_搭档皮卡丘,0025_1,搭档皮卡丘,45,80,50,75,60,120
0025_2_搭档皮卡丘,0025_2,搭档皮卡丘,45,80,50,75,60,120
0025_3_搭档皮卡丘,0025_3,搭档皮卡丘,45,80,50,75,60,120
0025_0_皮卡丘(第六世代之前),0025_0,皮卡丘(第六世代之前),35,55,30,50,40,90
0025_1_皮卡丘(第六世代之前),0025_1,皮卡丘(第六世代之前),35,55,30,50,40,90
0025_2_皮卡丘(第六世代之前),0025_2,皮卡丘(第六世代之前),35,55,30,50,40,90
0025_3_皮卡丘(第六世代之前),0025_3,皮卡丘(第六世代之前),35,55,30,50,40,90
0026_0_第六世代起,0026_0,第六世代起,60,90,55,90,80,110
0026_1_第六世代起,0026_1,第六世代起,60,90,55,90,80,110
0026_0_阿罗拉的样子,0026_0,阿罗拉的样子,60,85,50,95,85,110
0026_1_阿罗拉的样子,0026_1,阿罗拉的样子,60,85,50,95,85,110
0026_0_第六世代之前,0026_0,第六世代之前,60,90,55,90,80,100
0026_1_第六世代之前,0026_1,第六世代之前,60,90,55,90,80,100
0027_0_一般,0027_0,一般,50,75,85,20,30,40
0027_1_一般,0027_1,一般,50,75,85,20,30,40
0027_0_阿罗拉的样子,0027_0,阿罗拉的样子,50,75,90,10,35,40
0027_1_阿罗拉的样子,0027_1,阿罗拉的样子,50,75,90,10,35,40
0028_0_一般,0028_0,一般,75,100,110,45,55,65
0028_1_一般,0028_1,一般,75,100,110,45,55,65
0028_0_阿罗拉的样子,0028_0,阿罗拉的样子,75,100,120,25,65,65
0028_1_阿罗拉的样子,0028_1,阿罗拉的样子,75,100,120,25,65,65
0029_0_一般,0029_0,一般,55,47,52,40,40,41
0030_0_一般,0030_0,一般,70,62,67,55,55,56
0031_0_第六世代起,0031_0,第六世代起,90,92,87,75,85,76
0031_0_第六世代之前,0031_0,第六世代之前,90,82,87,75,85,76
0032_0_一般,0032_0,一般,46,57,40,40,40,50
0033_0_一般,0033_0,一般,61,72,57,55,55,65
0034_0_第六世代起,0034_0,第六世代起,81,102,77,85,75,85
0034_0_第六世代之前,0034_0,第六世代之前,81,92,77,85,75,85
0035_0_一般,0035_0,一般,70,45,48,60,65,35
0036_0_第六世代起,0036_0,第六世代起,95,70,73,95,90,60
0036_0_第六世代之前,0036_0,第六世代之前,95,70,73,85,90,60
0037_0_一般,0037_0,一般,38,41,40,50,65,65
0037_1_一般,0037_1,一般,38,41,40,50,65,65
0038_0_一般,0038_0,一般,73,76,75,81,100,100
0038_1_一般,0038_1,一般,73,76,75,81,100,100
0038_0_阿罗拉的样子,0038_0,阿罗拉的样子,73,67,75,81,100,109
0038_1_阿罗拉的样子,0038_1,阿罗拉的样子,73,67,75,81,100,109
0039_0_一般,0039_0,一般,115,45,20,45,25,20
0040_0_第六世代起,0040_0,第六世代起,140,70,45,85,50,45
0040_0_第六世代之前,0040_0,第六世代之前,140,70,45,75,50,45
0041_0_一般,0041_0,一般,40,45,35,30,40,55
0042_0_一般,0042_0,一般,75,80,70,65,75,90
0043_0_一般,0043_0,一般,45,50,55,75,65,30
0044_0_一般,0044_0,一般,60,65,70,85,75,40
0045_0_第六世代起,0045_0,第六世代起,75,80,85,110,90,50
0045_0_第六世代之前,0045_0,第六世代之前,75,80,85,100,90,50
0046_0_一般,0046_0,一般,35,70,55,45,55,25
0047_0_一般,0047_0,一般,60,95,80,60,80,30
0048_0_一般,0048_0,一般,60,55,50,40,55,45
0049_0_一般,0049_0,一般,70,65,60,90,75,90
0050_0_一般,0050_0,一般,10,55,25,35,45,95
0050_1_一般,0050_1,一般,10,55,25,35,45,95
0050_0_阿罗拉的样子,0050_0,阿罗拉的样子,10,55,30,35,45,90
0050_1_阿罗拉的样子,0050_1,阿罗拉的样子,10,55,30,35,45,90
0051_0_第七世代起,0051_0,第七世代起,35,100,50,50,70,120
0051_1_第七世代起,0051_1,第七世代起,35,100,50,50,70,120
0051_0_阿罗拉的样子,0051_0,阿罗拉的样子,35,100,60,50,70,110
0051_1_阿罗拉的样子,0051_1,阿罗拉的样子,35,100,60,50,70,110
0051_0_第七世代之前,0051_0,第七世代之前,35,80,50,50,70,120
0051_1_第七世代之前,0051_1,第七世代之前,35,80,50,50,70,120
0052_0_一般,0052_0,一般,40,45,35,40,40,90
0052_1_一般,0052_1,一般,40,45,35,40,40,90
0052_2_一般,0052_2,一般,40,45,35,40,40,90
0052_3_一般,0052_3,一般,40,45,35,40,40,90
0052_0_阿罗拉的样子,0052_0,阿罗拉的样子,40,35,35,50,40,90
0052_1_阿罗拉的样子,0052_1,阿罗拉的样子,40,35,35,50,40,90
0052_2_阿罗拉的样子,0052_2,阿罗拉的样子,40,35,35,50,40,90
0052_3_阿罗拉的样子,0052_3,阿罗拉的样子,40,35,35,50,40,90
0052_0_伽勒尔的样子,0052_0,伽勒尔的样子,50,65,55,40,40,40
0052_1_伽勒尔的样子,0052_1,伽勒尔的样子,50,65,55,40,40,40
0052_2_伽勒尔的样子,0052_2,伽勒尔的样子,50,65,55,40,40,40
0052_3_伽勒尔的样子,0052_3,伽勒尔的样子,50,65,55,40,40,40
0053_0_一般,0053_0,一般,65,70,60,65,65,115
0053_1_一般,0053_1,一般,65,70,60,65,65,115
0053_0_阿罗拉的样子,0053_0,阿罗拉的样子,65,60,60,75,65,115
0053_1_阿罗拉的样子,0053_1,阿罗拉的样子,65,60,60,75,65,115
0054_0_一般,0054_0,一般,50,52,48,65,50,55
0055_0_一般,0055_0,一般,80,82,78,95,80,85
0056_0_一般,0056_0,一般,40,80,35,35,45,70
0057_0_一般,0057_0,一般,65,105,60,60,70,95
0058_0_一般的样子,0058_0,一般的样子,55,70,45,70,50,60
0058_1_一般的样子,0058_1,一般的样子,55,70,45,70,50,60
0058_0_洗翠的样子,0058_0,洗翠的样子,60,75,45,65,50,55
0058_1_洗翠的样子,0058_1,洗翠的样子,60,75,45,65,50,55
0059_0_一般的样子,0059_0,一般的样子,90,110,80,100,80,95
0059_1_一般的样子,0059_1,一般的样子,90,110,80,100,80,95
0059_0_洗翠的样子,0059_0,洗翠的样子,95,115,80,95,80,90
0059_1_洗翠的样子,0059_1,洗翠的样子,95,115,80,95,80,90
0060_0_一般,0060_0,一般,40,50,40,40,40,90
0061_0_一般,0061_0,一般,65,65,65,50,50,90
0062_0_第六世代起,0062_0,第六世代起,90,95,95,70,90,70
0062_0_第六世代之前,0062_0,第六世代之前,90,85,95,70,90,70
0063_0_一般,0063_0,一般,25,20,15,105,55,90
0064_0_一般,0064_0,一般,40,35,30,120,70,105
0065_0_一般（第六世代起）,0065_0,一般（第六世代起）,55,50,45,135,95,120
0065_1_一般（第六世代起）,0065_1,一般（第六世代起）,55,50,45,135,95,120
0065_0_超级进化（第七世代起）,0065_0,超级进化（第七世代起）,55,50,65,175,105,150
0065_1_超级进化（第七世代起）,0065_1,超级进化（第七世代起）,55,50,65,175,105,150
0065_0_超级进化（第六世代）,0065_0,超级进化（第六世代）,55,50,65,175,95,150
0065_1_超级进化（第六世代）,0065_1,超级进化（第六世代）,55,50,65,175,95,150
0065_0_一般（第六世代以前）,0065_0,一般（第六世代以前）,55,50,45,135,85,120
0065_1_一般（第六世代以前）,0065_1,一般（第六世代以前）,55,50,45,135,85,120
0066_0_一般,0066_0,一般,70,80,50,35,35,35
0067_0_一般,0067_0,一般,80,100,70,50,60,45
0068_0_一般,0068_0,一般,90,130,80,65,85,55
0068_1_一般,0068_1,一般,90,130,80,65,85,55
0069_0_一般,0069_0,一般,50,75,35,70,30,40
0070_0_一般,0070_0,一般,65,90,50,85,45,55
0071_0_第六世代起,0071_0,第六世代起,80,105,65,100,70,70
0071_0_第六世代之前,0071_0,第六世代之前,80,105,65,100,60,70
0072_0_一般,0072_0,一般,40,40,35,50,100,70
0073_0_一般,0073_0,一般,80,70,65,80,120,100
0074_0_一般,0074_0,一般,40,80,100,30,30,20
0074_1_一般,0074_1,一般,40,80,100,30,30,20
0075_0_一般,0075_0,一般,55,95,115,45,45,35
0075_1_一般,0075_1,一般,55,95,115,45,45,35
0076_0_第六世代起,0076_0,第六世代起,80,120,130,55,65,45
0076_1_第六世代起,0076_1,第六世代起,80,120,130,55,65,45
0076_0_第六世代之前,0076_0,第六世代之前,80,110,130,55,65,45
0076_1_第六世代之前,0076_1,第六世代之前,80,110,130,55,65,45
0077_0_一般,0077_0,一般,50,85,55,65,65,90
0077_1_一般,0077_1,一般,50,85,55,65,65,90
0077_0_伽勒尔的样子,0077_0,伽勒尔的样子,50,85,55,65,65,90
0077_1_伽勒尔的样子,0077_1,伽勒尔的样子,50,85,55,65,65,90
0078_0_一般,0078_0,一般,65,100,70,80,80,105
0078_1_一般,0078_1,一般,65,100,70,80,80,105
0078_0_伽勒尔的样子,0078_0,伽勒尔的样子,65,100,70,80,80,105
0078_1_伽勒尔的样子,0078_1,伽勒尔的样子,65,100,70,80,80,105
0079_0_一般,0079_0,一般,90,65,65,40,40,15
0079_1_一般,0079_1,一般,90,65,65,40,40,15
0079_0_伽勒尔的样子,0079_0,伽勒尔的样子,90,65,65,40,40,15
0079_1_伽勒尔的样子,0079_1,伽勒尔的样子,90,65,65,40,40,15
0080_0_一般,0080_0,一般,95,75,110,100,80,30
0080_1_一般,0080_1,一般,95,75,110,100,80,30
0080_2_一般,0080_2,一般,95,75,110,100,80,30
0080_0_超级进化,0080_0,超级进化,95,75,180,130,80,30
0080_1_超级进化,0080_1,超级进化,95,75,180,130,80,30
0080_2_超级进化,0080_2,超级进化,95,75,180,130,80,30
0080_0_伽勒尔的样子,0080_0,伽勒尔的样子,95,100,95,100,70,30
0080_1_伽勒尔的样子,0080_1,伽勒尔的样子,95,100,95,100,70,30
0080_2_伽勒尔的样子,0080_2,伽勒尔的样子,95,100,95,100,70,30
0081_0_一般,0081_0,一般,25,35,70,95,55,45
0082_0_一般,0082_0,一般,50,60,95,120,70,70
0083_0_第七世代起,0083_0,第七世代起,52,90,55,58,62,60
0083_1_第七世代起,0083_1,第七世代起,52,90,55,58,62,60
0083_0_伽勒尔的样子,0083_0,伽勒尔的样子,52,95,55,58,62,55
0083_1_伽勒尔的样子,0083_1,伽勒尔的样子,52,95,55,58,62,55
0083_0_第七世代之前,0083_0,第七世代之前,52,65,55,58,62,60
0083_1_第七世代之前,0083_1,第七世代之前,52,65,55,58,62,60
0084_0_一般,0084_0,一般,35,85,45,35,35,75
0085_0_第七世代起,0085_0,第七世代起,60,110,70,60,60,110
0085_0_第七世代之前,0085_0,第七世代之前,60,110,70,60,60,100
0086_0_一般,0086_0,一般,65,45,55,45,70,45
0087_0_一般,0087_0,一般,90,70,80,70,95,70
0088_0_一般,0088_0,一般,80,80,50,40,50,25
0088_1_一般,0088_1,一般,80,80,50,40,50,25
0089_0_一般,0089_0,一般,105,105,75,65,100,50
0089_1_一般,0089_1,一般,105,105,75,65,100,50
0090_0_一般,0090_0,一般,30,65,100,45,25,40
0091_0_一般,0091_0,一般,50,95,180,85,45,70
0092_0_一般,0092_0,一般,30,35,30,100,35,80
0093_0_一般,0093_0,一般,45,50,45,115,55,95
0094_0_一般,0094_0,一般,60,65,60,130,75,110
0094_1_一般,0094_1,一般,60,65,60,130,75,110
0094_2_一般,0094_2,一般,60,65,60,130,75,110
0094_0_超级进化,0094_0,超级进化,60,65,80,170,95,130
0094_1_超级进化,0094_1,超级进化,60,65,80,170,95,130
0094_2_超级进化,0094_2,超级进化,60,65,80,170,95,130
0095_0_一般,0095_0,一般,35,45,160,30,45,70
0096_0_一般,0096_0,一般,60,48,45,43,90,42
0097_0_一般,0097_0,一般,85,73,70,73,115,67
0098_0_一般,0098_0,一般,30,105,90,25,25,50
0099_0_一般,0099_0,一般,55,130,115,50,50,75
0099_1_一般,0099_1,一般,55,130,115,50,50,75
0100_0_一般的样子,0100_0,一般的样子,40,30,50,55,55,100
0100_1_一般的样子,0100_1,一般的样子,40,30,50,55,55,100
0100_0_洗翠的样子,0100_0,洗翠的样子,40,30,50,55,55,100
0100_1_洗翠的样子,0100_1,洗翠的样子,40,30,50,55,55,100
0101_0_第七世代起，一般的样子,0101_0,第七世代起，一般的样子,60,50,70,80,80,150
0101_1_第七世代起，一般的样子,0101_1,第七世代起，一般的样子,60,50,70,80,80,150
0101_0_洗翠的样子,0101_0,洗翠的样子,60,50,70,80,80,150
0101_1_洗翠的样子,0101_1,洗翠的样子,60,50,70,80,80,150
0101_0_第七世代之前，一般的样子,0101_0,第七世代之前，一般的样子,60,50,70,80,80,140
0101_1_第七世代之前，一般的样子,0101_1,第七世代之前，一般的样子,60,50,70,80,80,140
0102_0_一般,0102_0,一般,60,40,80,60,45,40
0103_0_第七世代起,0103_0,第七世代起,95,95,85,125,75,55
0103_1_第七世代起,0103_1,第七世代起,95,95,85,125,75,55
0103_0_阿罗拉的样子,0103_0,阿罗拉的样子,95,105,85,125,75,45
0103_1_阿罗拉的样子,0103_1,阿罗拉的样子,95,105,85,125,75,45
0103_0_第七世代之前,0103_0,第七世代之前,95,95,85,125,65,55
0103_1_第七世代之前,0103_1,第七世代之前,95,95,85,125,65,55
0104_0_一般,0104_0,一般,50,50,95,40,50,35
0105_0_一般,0105_0,一般,60,80,110,50,80,45
0105_1_一般,0105_1,一般,60,80,110,50,80,45
0106_0_一般,0106_0,一般,50,120,53,35,110,87
0107_0_一般,0107_0,一般,50,105,79,35,110,76
0108_0_一般,0108_0,一般,90,55,75,60,75,30
0109_0_一般,0109_0,一般,40,65,95,60,45,35
0110_0_一般,0110_0,一般,65,90,120,85,70,60
0110_1_一般,0110_1,一般,65,90,120,85,70,60
0110_0_伽勒尔的样子,0110_0,伽勒尔的样子,65,90,120,85,70,60
0110_1_伽勒尔的样子,0110_1,伽勒尔的样子,65,90,120,85,70,60
0111_0_一般,0111_0,一般,80,85,95,30,30,25
0112_0_一般,0112_0,一般,105,130,120,45,45,40
0113_0_一般,0113_0,一般,250,5,5,35,105,50
0114_0_一般,0114_0,一般,65,55,115,100,40,60
0115_0_一般,0115_0,一般,105,95,80,40,80,90
0115_1_一般,0115_1,一般,105,95,80,40,80,90
0115_0_超级进化,0115_0,超级进化,105,125,100,60,100,100
0115_1_超级进化,0115_1,超级进化,105,125,100,60,100,100
0116_0_一般,0116_0,一般,30,40,70,70,25,60
0117_0_一般,0117_0,一般,55,65,95,95,45,85
0118_0_一般,0118_0,一般,45,67,60,35,50,63
0119_0_一般,0119_0,一般,80,92,65,65,80,68
0120_0_一般,0120_0,一般,30,45,55,70,55,85
0121_0_一般,0121_0,一般,60,75,85,100,85,115
0122_0_一般,0122_0,一般,40,45,65,100,120,90
0122_1_一般,0122_1,一般,40,45,65,100,120,90
0122_0_伽勒尔的样子,0122_0,伽勒尔的样子,50,65,65,90,90,100
0122_1_伽勒尔的样子,0122_1,伽勒尔的样子,50,65,65,90,90,100
0123_0_一般,0123_0,一般,70,110,80,55,80,105
0124_0_一般,0124_0,一般,65,50,35,115,95,95
0125_0_一般,0125_0,一般,65,83,57,95,85,105
0126_0_一般,0126_0,一般,65,95,57,100,85,93
0127_0_一般,0127_0,一般,65,125,100,55,70,85
0127_1_一般,0127_1,一般,65,125,100,55,70,85
0127_0_超级进化,0127_0,超级进化,65,155,120,65,90,105
0127_1_超级进化,0127_1,超级进化,65,155,120,65,90,105
0128_0_一般的样子,0128_0,一般的样子,75,100,95,40,70,110
0128_1_一般的样子,0128_1,一般的样子,75,100,95,40,70,110
0128_2_一般的样子,0128_2,一般的样子,75,100,95,40,70,110
0128_3_一般的样子,0128_3,一般的样子,75,100,95,40,70,110
0128_0_帕底亚的样子,0128_0,帕底亚的样子,75,110,105,30,70,100
0128_1_帕底亚的样子,0128_1,帕底亚的样子,75,110,105,30,70,100
0128_2_帕底亚的样子,0128_2,帕底亚的样子,75,110,105,30,70,100
0128_3_帕底亚的样子,0128_3,帕底亚的样子,75,110,105,30,70,100
0129_0_一般,0129_0,一般,20,10,55,15,20,80
0130_0_一般,0130_0,一般,95,125,79,60,100,81
0130_1_一般,0130_1,一般,95,125,79,60,100,81
0130_0_超级进化,0130_0,超级进化,95,155,109,70,130,81
0130_1_超级进化,0130_1,超级进化,95,155,109,70,130,81
0131_0_一般,0131_0,一般,130,85,80,85,95,60
0131_1_一般,0131_1,一般,130,85,80,85,95,60
0132_0_一般,0132_0,一般,48,48,48,48,48,48
0133_0_普通伊布,0133_0,普通伊布,55,55,50,45,65,55
0133_1_普通伊布,0133_1,普通伊布,55,55,50,45,65,55
0133_0_搭档伊布,0133_0,搭档伊布,65,75,70,65,85,75
0133_1_搭档伊布,0133_1,搭档伊布,65,75,70,65,85,75
0134_0_一般,0134_0,一般,130,65,60,110,95,65
0135_0_一般,0135_0,一般,65,65,60,110,95,130
0136_0_一般,0136_0,一般,65,130,60,95,110,65
0137_0_一般,0137_0,一般,65,60,70,85,75,40
0138_0_一般,0138_0,一般,35,40,100,90,55,35
0139_0_一般,0139_0,一般,70,60,125,115,70,55
0140_0_一般,0140_0,一般,30,80,90,55,45,55
0141_0_一般,0141_0,一般,60,115,105,65,70,80
0142_0_一般,0142_0,一般,80,105,65,60,75,130
0142_1_一般,0142_1,一般,80,105,65,60,75,130
0142_0_超级进化,0142_0,超级进化,80,135,85,70,95,150
0142_1_超级进化,0142_1,超级进化,80,135,85,70,95,150
0143_0_一般,0143_0,一般,160,110,65,65,110,30
0143_1_一般,0143_1,一般,160,110,65,65,110,30
0144_0_一般,0144_0,一般,90,85,100,95,125,85
0144_1_一般,0144_1,一般,90,85,100,95,125,85
0144_0_伽勒尔的样子,0144_0,伽勒尔的样子,90,85,85,125,100,95
0144_1_伽勒尔的样子,0144_1,伽勒尔的样子,90,85,85,125,100,95
0145_0_一般,0145_0,一般,90,90,85,125,90,100
0145_1_一般,0145_1,一般,90,90,85,125,90,100
0145_0_伽勒尔的样子,0145_0,伽勒尔的样子,90,125,90,85,90,100
0145_1_伽勒尔的样子,0145_1,伽勒尔的样子,90,125,90,85,90,100
0146_0_一般,0146_0,一般,90,100,90,125,85,90
0146_1_一般,0146_1,一般,90,100,90,125,85,90
0146_0_伽勒尔的样子,0146_0,伽勒尔的样子,90,85,90,100,125,90
0146_1_伽勒尔的样子,0146_1,伽勒尔的样子,90,85,90,100,125,90
0147_0_一般,0147_0,一般,41,64,45,50,50,50
0148_0_一般,0148_0,一般,61,84,65,70,70,70
0149_0_一般,0149_0,一般,91,134,95,100,100,80
0150_0_一般,0150_0,一般,106,110,90,154,90,130
0150_1_一般,0150_1,一般,106,110,90,154,90,130
0150_2_一般,0150_2,一般,106,110,90,154,90,130
0150_0_超级超梦Ｘ,0150_0,超级超梦Ｘ,106,190,100,154,100,130
0150_1_超级超梦Ｘ,0150_1,超级超梦Ｘ,106,190,100,154,100,130
0150_2_超级超梦Ｘ,0150_2,超级超梦Ｘ,106,190,100,154,100,130
0150_0_超级超梦Ｙ,0150_0,超级超梦Ｙ,106,150,70,194,120,140
0150_1_超级超梦Ｙ,0150_1,超级超梦Ｙ,106,150,70,194,120,140
0150_2_超级超梦Ｙ,0150_2,超级超梦Ｙ,106,150,70,194,120,140
0151_0_一般,0151_0,一般,100,100,100,100,100,100
0152_0_一般,0152_0,一般,45,49,65,49,65,45
0153_0_一般,0153_0,一般,60,62,80,63,80,60
0154_0_一般,0154_0,一般,80,82,100,83,100,80
0155_0_一般,0155_0,一般,39,52,43,60,50,65
0156_0_一般,0156_0,一般,58,64,58,80,65,80
0157_0_一般的样子,0157_0,一般的样子,78,84,78,109,85,100
0157_1_一般的样子,0157_1,一般的样子,78,84,78,109,85,100
0157_0_洗翠的样子,0157_0,洗翠的样子,73,84,78,119,85,95
0157_1_洗翠的样子,0157_1,洗翠的样子,73,84,78,119,85,95
0158_0_一般,0158_0,一般,50,65,64,44,48,43
0159_0_一般,0159_0,一般,65,80,80,59,63,58
0160_0_一般,0160_0,一般,85,105,100,79,83,78
0161_0_一般,0161_0,一般,35,46,34,35,45,20
0162_0_一般,0162_0,一般,85,76,64,45,55,90
0163_0_一般,0163_0,一般,60,30,30,36,56,50
0164_0_第七世代起,0164_0,第七世代起,100,50,50,86,96,70
0164_0_第七世代之前,0164_0,第七世代之前,100,50,50,76,96,70
0165_0_一般,0165_0,一般,40,20,30,40,80,55
0166_0_一般,0166_0,一般,55,35,50,55,110,85
0167_0_一般,0167_0,一般,40,60,40,40,40,30
0168_0_第七世代起,0168_0,第七世代起,70,90,70,60,70,40
0168_0_第七世代之前,0168_0,第七世代之前,70,90,70,60,60,40
0169_0_一般,0169_0,一般,85,90,80,70,80,130
0170_0_一般,0170_0,一般,75,38,38,56,56,67
0171_0_一般,0171_0,一般,125,58,58,76,76,67
0172_0_一般,0172_0,一般,20,40,15,35,35,60
0173_0_一般,0173_0,一般,50,25,28,45,55,15
0174_0_一般,0174_0,一般,90,30,15,40,20,15
0175_0_一般,0175_0,一般,35,20,65,40,65,20
0176_0_一般,0176_0,一般,55,40,85,80,105,40
0177_0_一般,0177_0,一般,40,50,45,70,45,70
0178_0_一般,0178_0,一般,65,75,70,95,70,95
0179_0_一般,0179_0,一般,55,40,40,65,45,35
0180_0_一般,0180_0,一般,70,55,55,80,60,45
0181_0_一般（第六世代起）,0181_0,一般（第六世代起）,90,75,85,115,90,55
0181_1_一般（第六世代起）,0181_1,一般（第六世代起）,90,75,85,115,90,55
0181_0_超级进化,0181_0,超级进化,90,95,105,165,110,45
0181_1_超级进化,0181_1,超级进化,90,95,105,165,110,45
0181_0_一般（第六世代以前）,0181_0,一般（第六世代以前）,90,75,75,115,90,55
0181_1_一般（第六世代以前）,0181_1,一般（第六世代以前）,90,75,75,115,90,55
0182_0_第六世代起,0182_0,第六世代起,75,80,95,90,100,50
0182_0_第六世代之前,0182_0,第六世代之前,75,80,85,90,100,50
0183_0_一般,0183_0,一般,70,20,50,20,50,40
0184_0_第六世代起,0184_0,第六世代起,100,50,80,60,80,50
0184_0_第六世代之前,0184_0,第六世代之前,100,50,80,50,80,50
0185_0_一般,0185_0,一般,70,100,115,30,65,30
0186_0_一般,0186_0,一般,90,75,75,90,100,70
0187_0_一般,0187_0,一般,35,35,40,35,55,50
0188_0_一般,0188_0,一般,55,45,50,45,65,80
0189_0_第六世代起,0189_0,第六世代起,75,55,70,55,95,110
0189_0_第六世代之前,0189_0,第六世代之前,75,55,70,55,85,110
0190_0_一般,0190_0,一般,55,70,55,40,55,85
0191_0_一般,0191_0,一般,30,30,30,30,30,30
0192_0_一般,0192_0,一般,75,75,55,105,85,30
0193_0_一般,0193_0,一般,65,65,45,75,45,95
0194_0_一般的样子,0194_0,一般的样子,55,45,45,25,25,15
0194_1_一般的样子,0194_1,一般的样子,55,45,45,25,25,15
0194_0_帕底亚的样子,0194_0,帕底亚的样子,55,45,45,25,25,15
0194_1_帕底亚的样子,0194_1,帕底亚的样子,55,45,45,25,25,15
0195_0_一般,0195_0,一般,95,85,85,65,65,35
0196_0_一般,0196_0,一般,65,65,60,130,95,110
0197_0_一般,0197_0,一般,95,65,110,60,130,65
0198_0_一般,0198_0,一般,60,85,42,85,42,91
0199_0_一般,0199_0,一般,95,75,80,100,110,30
0199_1_一般,0199_1,一般,95,75,80,100,110,30
0199_0_伽勒尔的样子,0199_0,伽勒尔的样子,95,65,80,110,110,30
0199_1_伽勒尔的样子,0199_1,伽勒尔的样子,95,65,80,110,110,30
0200_0_一般,0200_0,一般,60,60,60,85,85,85
0201_0_一般,0201_0,一般,48,72,48,72,48,48
0202_0_一般,0202_0,一般,190,33,58,33,58,33
0203_0_一般,0203_0,一般,70,80,65,90,65,85
0204_0_一般,0204_0,一般,50,65,90,35,35,15
0205_0_一般,0205_0,一般,75,90,140,60,60,40
0206_0_一般,0206_0,一般,100,70,70,65,65,45
0207_0_一般,0207_0,一般,65,75,105,35,65,85
0208_0_一般,0208_0,一般,75,85,200,55,65,30
0208_1_一般,0208_1,一般,75,85,200,55,65,30
0208_0_超级进化,0208_0,超级进化,75,125,230,55,95,30
0208_1_超级进化,0208_1,超级进化,75,125,230,55,95,30
0209_0_一般,0209_0,一般,60,80,50,40,40,30
0210_0_一般,0210_0,一般,90,120,75,60,60,45
0211_0_第七世代起，一般的样子,0211_0,第七世代起，一般的样子,65,95,85,55,55,85
0211_1_第七世代起，一般的样子,0211_1,第七世代起，一般的样子,65,95,85,55,55,85
0211_0_洗翠的样子,0211_0,洗翠的样子,65,95,85,55,55,85
0211_1_洗翠的样子,0211_1,洗翠的样子,65,95,85,55,55,85
0211_0_第七世代之前，一般的样子,0211_0,第七世代之前，一般的样子,65,95,75,55,55,85
0211_1_第七世代之前，一般的样子,0211_1,第七世代之前，一般的样子,65,95,75,55,55,85
0212_0_一般,0212_0,一般,70,130,100,55,80,65
0212_1_一般,0212_1,一般,70,130,100,55,80,65
0212_0_超级进化,0212_0,超级进化,70,150,140,65,100,75
0212_1_超级进化,0212_1,超级进化,70,150,140,65,100,75
0213_0_一般,0213_0,一般,20,10,230,10,230,5
0214_0_一般,0214_0,一般,80,125,75,40,95,85
0214_1_一般,0214_1,一般,80,125,75,40,95,85
0214_0_超级进化,0214_0,超级进化,80,185,115,40,105,75
0214_1_超级进化,0214_1,超级进化,80,185,115,40,105,75
0215_0_一般的样子,0215_0,一般的样子,55,95,55,35,75,115
0215_1_一般的样子,0215_1,一般的样子,55,95,55,35,75,115
0215_0_洗翠的样子,0215_0,洗翠的样子,55,95,55,35,75,115
0215_1_洗翠的样子,0215_1,洗翠的样子,55,95,55,35,75,115
0216_0_一般,0216_0,一般,60,80,50,50,50,40
0217_0_一般,0217_0,一般,90,130,75,75,75,55
0218_0_一般,0218_0,一般,40,40,40,70,40,20
0219_0_第七世代起,0219_0,第七世代起,60,50,120,90,80,30
0219_0_第七世代之前,0219_0,第七世代之前,50,50,120,80,80,30
0220_0_一般,0220_0,一般,50,50,40,30,30,50
0221_0_一般,0221_0,一般,100,100,80,60,60,50
0222_0_第七世代起,0222_0,第七世代起,65,55,95,65,95,35
0222_1_第七世代起,0222_1,第七世代起,65,55,95,65,95,35
0222_0_伽勒尔的样子,0222_0,伽勒尔的样子,60,55,100,65,100,30
0222_1_伽勒尔的样子,0222_1,伽勒尔的样子,60,55,100,65,100,30
0222_0_第七世代之前,0222_0,第七世代之前,55,55,85,65,85,35
0222_1_第七世代之前,0222_1,第七世代之前,55,55,85,65,85,35
0223_0_一般,0223_0,一般,35,65,35,65,35,65
0224_0_一般,0224_0,一般,75,105,75,105,75,45
0225_0_一般,0225_0,一般,45,55,45,65,45,75
0226_0_第七世代起,0226_0,第七世代起,85,40,70,80,140,70
0226_0_第七世代之前,0226_0,第七世代之前,65,40,70,80,140,70
0227_0_一般,0227_0,一般,65,80,140,40,70,70
0228_0_一般,0228_0,一般,45,60,30,80,50,65
0229_0_一般,0229_0,一般,75,90,50,110,80,95
0229_1_一般,0229_1,一般,75,90,50,110,80,95
0229_0_超级进化,0229_0,超级进化,75,90,90,140,90,115
0229_1_超级进化,0229_1,超级进化,75,90,90,140,90,115
0230_0_一般,0230_0,一般,75,95,95,95,95,85
0231_0_一般,0231_0,一般,90,60,60,40,40,40
0232_0_一般,0232_0,一般,90,120,120,60,60,50
0233_0_一般,0233_0,一般,85,80,90,105,95,60
0234_0_一般,0234_0,一般,73,95,62,85,65,85
0235_0_一般,0235_0,一般,55,20,35,20,45,75
0236_0_一般,0236_0,一般,35,35,35,35,35,35
0237_0_一般,0237_0,一般,50,95,95,35,110,70
0238_0_一般,0238_0,一般,45,30,15,85,65,65
0239_0_一般,0239_0,一般,45,63,37,65,55,95
0240_0_一般,0240_0,一般,45,75,37,70,55,83
0241_0_一般,0241_0,一般,95,80,105,40,70,100
0242_0_一般,0242_0,一般,255,10,10,75,135,55
0243_0_一般,0243_0,一般,90,85,75,115,100,115
0244_0_一般,0244_0,一般,115,115,85,90,75,100
0245_0_一般,0245_0,一般,100,75,115,90,115,85
0246_0_一般,0246_0,一般,50,64,50,45,50,41
0247_0_一般,0247_0,一般,70,84,70,65,70,51
0248_0_一般,0248_0,一般,100,134,110,95,100,61
0248_1_一般,0248_1,一般,100,134,110,95,100,61
0248_0_超级进化,0248_0,超级进化,100,164,150,95,120,71
0248_1_超级进化,0248_1,超级进化,100,164,150,95,120,71
0249_0_一般,0249_0,一般,106,90,130,90,154,110
0250_0_一般,0250_0,一般,106,130,90,110,154,90
0251_0_一般,0251_0,一般,100,100,100,100,100,100
0252_0_一般,0252_0,一般,40,45,35,65,55,70
0253_0_一般,0253_0,一般,50,65,45,85,65,95
0254_0_一般,0254_0,一般,70,85,65,105,85,120
0254_1_一般,0254_1,一般,70,85,65,105,85,120
0254_0_超级进化,0254_0,超级进化,70,110,75,145,85,145
0254_1_超级进化,0254_1,超级进化,70,110,75,145,85,145
0255_0_一般,0255_0,一般,45,60,40,70,50,45
0256_0_一般,0256_0,一般,60,85,60,85,60,55
0257_0_一般,0257_0,一般,80,120,70,110,70,80
0257_1_一般,0257_1,一般,80,120,70,110,70,80
0257_0_超级进化,0257_0,超级进化,80,160,80,130,80,100
0257_1_超级进化,0257_1,超级进化,80,160,80,130,80,100
0258_0_一般,0258_0,一般,50,70,50,50,50,40
0259_0_一般,0259_0,一般,70,85,70,60,70,50
0260_0_一般,0260_0,一般,100,110,90,85,90,60
0260_1_一般,0260_1,一般,100,110,90,85,90,60
0260_0_超级进化,0260_0,超级进化,100,150,110,95,110,70
0260_1_超级进化,0260_1,超级进化,100,150,110,95,110,70
0261_0_一般,0261_0,一般,35,55,35,30,30,35
0262_0_一般,0262_0,一般,70,90,70,60,60,70
0263_0_一般,0263_0,一般,38,30,41,30,41,60
0263_1_一般,0263_1,一般,38,30,41,30,41,60
0263_0_伽勒尔的样子,0263_0,伽勒尔的样子,38,30,41,30,41,60
0263_1_伽勒尔的样子,0263_1,伽勒尔的样子,38,30,41,30,41,60
0264_0_一般,0264_0,一般,78,70,61,50,61,100
0264_1_一般,0264_1,一般,78,70,61,50,61,100
0264_0_伽勒尔的样子,0264_0,伽勒尔的样子,78,70,61,50,61,100
0264_1_伽勒尔的样子,0264_1,伽勒尔的样子,78,70,61,50,61,100
0265_0_一般,0265_0,一般,45,45,35,20,30,20
0266_0_一般,0266_0,一般,50,35,55,25,25,15
0267_0_第六世代起,0267_0,第六世代起,60,70,50,100,50,65
0267_0_第六世代之前,0267_0,第六世代之前,60,70,50,90,50,65
0268_0_一般,0268_0,一般,50,35,55,25,25,15
0269_0_一般,0269_0,一般,60,50,70,50,90,65
0270_0_一般,0270_0,一般,40,30,30,40,50,30
0271_0_一般,0271_0,一般,60,50,50,60,70,50
0272_0_一般,0272_0,一般,80,70,70,90,100,70
0273_0_一般,0273_0,一般,40,40,50,30,30,30
0274_0_一般,0274_0,一般,70,70,40,60,40,60
0275_0_一般,0275_0,一般,90,100,60,90,60,80
0276_0_一般,0276_0,一般,40,55,30,30,30,85
0277_0_第七世代起,0277_0,第七世代起,60,85,60,75,50,125
0277_0_第七世代之前,0277_0,第七世代之前,60,85,60,50,50,125
0278_0_一般,0278_0,一般,40,30,30,55,30,85
0279_0_第七世代起,0279_0,第七世代起,60,50,100,95,70,65
0279_0_第七世代之前,0279_0,第七世代之前,60,50,100,85,70,65
0280_0_一般,0280_0,一般,28,25,25,45,35,40
0281_0_一般,0281_0,一般,38,35,35,65,55,50
0282_0_一般,0282_0,一般,68,65,65,125,115,80
0282_1_一般,0282_1,一般,68,65,65,125,115,80
0282_0_超级进化,0282_0,超级进化,68,85,65,165,135,100
0282_1_超级进化,0282_1,超级进化,68,85,65,165,135,100
0283_0_一般,0283_0,一般,40,30,32,50,52,65
0284_0_第七世代起,0284_0,第七世代起,70,60,62,100,82,80
0284_0_第七世代之前,0284_0,第七世代之前,70,60,62,80,82,60
0285_0_一般,0285_0,一般,60,40,60,40,60,35
0286_0_一般,0286_0,一般,60,130,80,60,60,70
0287_0_一般,0287_0,一般,60,60,60,35,35,30
0288_0_一般,0288_0,一般,80,80,80,55,55,90
0289_0_一般,0289_0,一般,150,160,100,95,65,100
0290_0_一般,0290_0,一般,31,45,90,30,30,40
0291_0_一般,0291_0,一般,61,90,45,50,50,160
0292_0_一般,0292_0,一般,1,90,45,30,30,40
0293_0_一般,0293_0,一般,64,51,23,51,23,28
0294_0_一般,0294_0,一般,84,71,43,71,43,48
0295_0_第六世代起,0295_0,第六世代起,104,91,63,91,73,68
0295_0_第六世代之前,0295_0,第六世代之前,104,91,63,91,63,68
0296_0_一般,0296_0,一般,72,60,30,20,30,25
0297_0_一般,0297_0,一般,144,120,60,40,60,50
0298_0_一般,0298_0,一般,50,20,40,20,40,20
0299_0_一般,0299_0,一般,30,45,135,45,90,30
0300_0_一般,0300_0,一般,50,45,45,35,35,50
0301_0_第七世代起,0301_0,第七世代起,70,65,65,55,55,90
0301_0_第七世代之前,0301_0,第七世代之前,70,65,65,55,55,70
0302_0_一般,0302_0,一般,50,75,75,65,65,50
0302_1_一般,0302_1,一般,50,75,75,65,65,50
0302_0_超级进化,0302_0,超级进化,50,85,125,85,115,20
0302_1_超级进化,0302_1,超级进化,50,85,125,85,115,20
0303_0_一般,0303_0,一般,50,85,85,55,55,50
0303_1_一般,0303_1,一般,50,85,85,55,55,50
0303_0_超级进化,0303_0,超级进化,50,105,125,55,95,50
0303_1_超级进化,0303_1,超级进化,50,105,125,55,95,50
0304_0_一般,0304_0,一般,50,70,100,40,40,30
0305_0_一般,0305_0,一般,60,90,140,50,50,40
0306_0_一般,0306_0,一般,70,110,180,60,60,50
0306_1_一般,0306_1,一般,70,110,180,60,60,50
0306_0_超级进化,0306_0,超级进化,70,140,230,60,80,50
0306_1_超级进化,0306_1,超级进化,70,140,230,60,80,50
0307_0_一般,0307_0,一般,30,40,55,40,55,60
0308_0_一般,0308_0,一般,60,60,75,60,75,80
0308_1_一般,0308_1,一般,60,60,75,60,75,80
0308_0_超级进化,0308_0,超级进化,60,100,85,80,85,100
0308_1_超级进化,0308_1,超级进化,60,100,85,80,85,100
0309_0_一般,0309_0,一般,40,45,40,65,40,65
0310_0_一般,0310_0,一般,70,75,60,105,60,105
0310_1_一般,0310_1,一般,70,75,60,105,60,105
0310_0_超级进化,0310_0,超级进化,70,75,80,135,80,135
0310_1_超级进化,0310_1,超级进化,70,75,80,135,80,135
0311_0_一般,0311_0,一般,60,50,40,85,75,95
0312_0_一般,0312_0,一般,60,40,50,75,85,95
0313_0_第七世代起,0313_0,第七世代起,65,73,75,47,85,85
0313_0_第七世代之前,0313_0,第七世代之前,65,73,55,47,75,85
0314_0_第七世代起,0314_0,第七世代起,65,47,75,73,85,85
0314_0_第七世代之前,0314_0,第七世代之前,65,47,55,73,75,85
0315_0_一般,0315_0,一般,50,60,45,100,80,65
0316_0_一般,0316_0,一般,70,43,53,43,53,40
0317_0_一般,0317_0,一般,100,73,83,73,83,55
0318_0_一般,0318_0,一般,45,90,20,65,20,65
0319_0_一般,0319_0,一般,70,120,40,95,40,95
0319_1_一般,0319_1,一般,70,120,40,95,40,95
0319_0_超级进化,0319_0,超级进化,70,140,70,110,65,105
0319_1_超级进化,0319_1,超级进化,70,140,70,110,65,105
0320_0_一般,0320_0,一般,130,70,35,70,35,60
0321_0_一般,0321_0,一般,170,90,45,90,45,60
0322_0_一般,0322_0,一般,60,60,40,65,45,35
0323_0_一般,0323_0,一般,70,100,70,105,75,40
0323_1_一般,0323_1,一般,70,100,70,105,75,40
0323_0_超级进化,0323_0,超级进化,70,120,100,145,105,20
0323_1_超级进化,0323_1,超级进化,70,120,100,145,105,20
0324_0_一般,0324_0,一般,70,85,140,85,70,20
0325_0_一般,0325_0,一般,60,25,35,70,80,60
0326_0_一般,0326_0,一般,80,45,65,90,110,80
0327_0_一般,0327_0,一般,60,60,60,60,60,60
0328_0_一般,0328_0,一般,45,100,45,45,45,10
0329_0_一般,0329_0,一般,50,70,50,50,50,70
0330_0_一般,0330_0,一般,80,100,80,80,80,100
0331_0_一般,0331_0,一般,50,85,40,85,40,35
0332_0_一般,0332_0,一般,70,115,60,115,60,55
0333_0_一般,0333_0,一般,45,40,60,40,75,50
0334_0_一般,0334_0,一般,75,70,90,70,105,80
0334_1_一般,0334_1,一般,75,70,90,70,105,80
0334_0_超级进化,0334_0,超级进化,75,110,110,110,105,80
0334_1_超级进化,0334_1,超级进化,75,110,110,110,105,80
0335_0_一般,0335_0,一般,73,115,60,60,60,90
0336_0_一般,0336_0,一般,73,100,60,100,60,65
0337_0_第七世代起,0337_0,第七世代起,90,55,65,95,85,70
0337_0_第七世代之前,0337_0,第七世代之前,70,55,65,95,85,70
0338_0_第七世代起,0338_0,第七世代起,90,95,85,55,65,70
0338_0_第七世代之前,0338_0,第七世代之前,70,95,85,55,65,70
0339_0_一般,0339_0,一般,50,48,43,46,41,60
0340_0_一般,0340_0,一般,110,78,73,76,71,60
0341_0_一般,0341_0,一般,43,80,65,50,35,35
0342_0_一般,0342_0,一般,63,120,85,90,55,55
0343_0_一般,0343_0,一般,40,40,55,40,70,55
0344_0_一般,0344_0,一般,60,70,105,70,120,75
0345_0_一般,0345_0,一般,66,41,77,61,87,23
0346_0_一般,0346_0,一般,86,81,97,81,107,43
0347_0_一般,0347_0,一般,45,95,50,40,50,75
0348_0_一般,0348_0,一般,75,125,100,70,80,45
0349_0_一般,0349_0,一般,20,15,20,10,55,80
0350_0_一般,0350_0,一般,95,60,79,100,125,81
0351_0_一般,0351_0,一般,70,70,70,70,70,70
0351_1_一般,0351_1,一般,70,70,70,70,70,70
0351_2_一般,0351_2,一般,70,70,70,70,70,70
0351_3_一般,0351_3,一般,70,70,70,70,70,70
0352_0_一般,0352_0,一般,60,90,70,60,120,40
0353_0_一般,0353_0,一般,44,75,35,63,33,45
0354_0_一般,0354_0,一般,64,115,65,83,63,65
0354_1_一般,0354_1,一般,64,115,65,83,63,65
0354_0_超级进化,0354_0,超级进化,64,165,75,93,83,75
0354_1_超级进化,0354_1,超级进化,64,165,75,93,83,75
0355_0_一般,0355_0,一般,20,40,90,30,90,25
0356_0_一般,0356_0,一般,40,70,130,60,130,25
0357_0_一般,0357_0,一般,99,68,83,72,87,51
0358_0_第七世代起,0358_0,第七世代起,75,50,80,95,90,65
0358_0_第七世代之前,0358_0,第七世代之前,65,50,70,95,80,65
0359_0_一般,0359_0,一般,65,130,60,75,60,75
0359_1_一般,0359_1,一般,65,130,60,75,60,75
0359_0_超级进化,0359_0,超级进化,65,150,60,115,60,115
0359_1_超级进化,0359_1,超级进化,65,150,60,115,60,115
0360_0_一般,0360_0,一般,95,23,48,23,48,23
0361_0_一般,0361_0,一般,50,50,50,50,50,50
0362_0_一般,0362_0,一般,80,80,80,80,80,80
0362_1_一般,0362_1,一般,80,80,80,80,80,80
0362_0_超级进化,0362_0,超级进化,80,120,80,120,80,100
0362_1_超级进化,0362_1,超级进化,80,120,80,120,80,100
0363_0_一般,0363_0,一般,70,40,50,55,50,25
0364_0_一般,0364_0,一般,90,60,70,75,70,45
0365_0_一般,0365_0,一般,110,80,90,95,90,65
0366_0_一般,0366_0,一般,35,64,85,74,55,32
0367_0_一般,0367_0,一般,55,104,105,94,75,52
0368_0_一般,0368_0,一般,55,84,105,114,75,52
0369_0_一般,0369_0,一般,100,90,130,45,65,55
0370_0_一般,0370_0,一般,43,30,55,40,65,97
0371_0_一般,0371_0,一般,45,75,60,40,30,50
0372_0_一般,0372_0,一般,65,95,100,60,50,50
0373_0_一般,0373_0,一般,95,135,80,110,80,100
0373_1_一般,0373_1,一般,95,135,80,110,80,100
0373_0_超级进化,0373_0,超级进化,95,145,130,120,90,120
0373_1_超级进化,0373_1,超级进化,95,145,130,120,90,120
0374_0_一般,0374_0,一般,40,55,80,35,60,30
0375_0_一般,0375_0,一般,60,75,100,55,80,50
0376_0_一般,0376_0,一般,80,135,130,95,90,70
0376_1_一般,0376_1,一般,80,135,130,95,90,70
0376_0_超级进化,0376_0,超级进化,80,145,150,105,110,110
0376_1_超级进化,0376_1,超级进化,80,145,150,105,110,110
0377_0_一般,0377_0,一般,80,100,200,50,100,50
0378_0_一般,0378_0,一般,80,50,100,100,200,50
0379_0_一般,0379_0,一般,80,75,150,75,150,50
0380_0_一般,0380_0,一般,80,80,90,110,130,110
0380_1_一般,0380_1,一般,80,80,90,110,130,110
0380_0_超级进化,0380_0,超级进化,80,100,120,140,150,110
0380_1_超级进化,0380_1,超级进化,80,100,120,140,150,110
0381_0_一般,0381_0,一般,80,90,80,130,110,110
0381_1_一般,0381_1,一般,80,90,80,130,110,110
0381_0_超级进化,0381_0,超级进化,80,130,100,160,120,110
0381_1_超级进化,0381_1,超级进化,80,130,100,160,120,110
0382_0_一般,0382_0,一般,100,100,90,150,140,90
0382_1_一般,0382_1,一般,100,100,90,150,140,90
0382_0_原始回归,0382_0,原始回归,100,150,90,180,160,90
0382_1_原始回归,0382_1,原始回归,100,150,90,180,160,90
0383_0_一般,0383_0,一般,100,150,140,100,90,90
0383_1_一般,0383_1,一般,100,150,140,100,90,90
0383_0_原始回归,0383_0,原始回归,100,180,160,150,90,90
0383_1_原始回归,0383_1,原始回归,100,180,160,150,90,90
0384_0_一般,0384_0,一般,105,150,90,150,90,95
0384_1_一般,0384_1,一般,105,150,90,150,90,95
0384_0_超级进化,0384_0,超级进化,105,180,100,180,100,115
0384_1_超级进化,0384_1,超级进化,105,180,100,180,100,115
0385_0_一般,0385_0,一般,100,100,100,100,100,100
0386_0_一般形态,0386_0,一般形态,50,150,50,150,50,150
0386_1_一般形态,0386_1,一般形态,50,150,50,150,50,150
0386_2_一般形态,0386_2,一般形态,50,150,50,150,50,150
0386_3_一般形态,0386_3,一般形态,50,150,50,150,50,150
0386_0_攻击形态,0386_0,攻击形态,50,180,20,180,20,150
0386_1_攻击形态,0386_1,攻击形态,50,180,20,180,20,150
0386_2_攻击形态,0386_2,攻击形态,50,180,20,180,20,150
0386_3_攻击形态,0386_3,攻击形态,50,180,20,180,20,150
0386_0_防御形态,0386_0,防御形态,50,70,160,70,160,90
0386_1_防御形态,0386_1,防御形态,50,70,160,70,160,90
0386_2_防御形态,0386_2,防御形态,50,70,160,70,160,90
0386_3_防御形态,0386_3,防御形态,50,70,160,70,160,90
0386_0_速度形态,0386_0,速度形态,50,95,90,95,90,180
0386_1_速度形态,0386_1,速度形态,50,95,90,95,90,180
0386_2_速度形态,0386_2,速度形态,50,95,90,95,90,180
0386_3_速度形态,0386_3,速度形态,50,95,90,95,90,180
0387_0_一般,0387_0,一般,55,68,64,45,55,31
0388_0_一般,0388_0,一般,75,89,85,55,65,36
0389_0_一般,0389_0,一般,95,109,105,75,85,56
0390_0_一般,0390_0,一般,44,58,44,58,44,61
0391_0_一般,0391_0,一般,64,78,52,78,52,81
0392_0_一般,0392_0,一般,76,104,71,104,71,108
0393_0_一般,0393_0,一般,53,51,53,61,56,40
0394_0_一般,0394_0,一般,64,66,68,81,76,50
0395_0_一般,0395_0,一般,84,86,88,111,101,60
0396_0_一般,0396_0,一般,40,55,30,30,30,60
0397_0_一般,0397_0,一般,55,75,50,40,40,80
0398_0_第六世代起,0398_0,第六世代起,85,120,70,50,60,100
0398_0_第六世代之前,0398_0,第六世代之前,85,120,70,50,50,100
0399_0_一般,0399_0,一般,59,45,40,35,40,31
0400_0_一般,0400_0,一般,79,85,60,55,60,71
0401_0_一般,0401_0,一般,37,25,41,25,41,25
0402_0_一般,0402_0,一般,77,85,51,55,51,65
0403_0_一般,0403_0,一般,45,65,34,40,34,45
0404_0_一般,0404_0,一般,60,85,49,60,49,60
0405_0_一般,0405_0,一般,80,120,79,95,79,70
0406_0_一般,0406_0,一般,40,30,35,50,70,55
0407_0_第六世代起,0407_0,第六世代起,60,70,65,125,105,90
0407_0_第六世代之前,0407_0,第六世代之前,60,70,55,125,105,90
0408_0_一般,0408_0,一般,67,125,40,30,30,58
0409_0_一般,0409_0,一般,97,165,60,65,50,58
0410_0_一般,0410_0,一般,30,42,118,42,88,30
0411_0_一般,0411_0,一般,60,52,168,47,138,30
0412_0_一般,0412_0,一般,40,29,45,29,45,36
0412_1_一般,0412_1,一般,40,29,45,29,45,36
0412_2_一般,0412_2,一般,40,29,45,29,45,36
0413_0_草木蓑衣,0413_0,草木蓑衣,60,59,85,79,105,36
0413_1_草木蓑衣,0413_1,草木蓑衣,60,59,85,79,105,36
0413_2_草木蓑衣,0413_2,草木蓑衣,60,59,85,79,105,36
0413_0_砂土蓑衣,0413_0,砂土蓑衣,60,79,105,59,85,36
0413_1_砂土蓑衣,0413_1,砂土蓑衣,60,79,105,59,85,36
0413_2_砂土蓑衣,0413_2,砂土蓑衣,60,79,105,59,85,36
0413_0_垃圾蓑衣,0413_0,垃圾蓑衣,60,69,95,69,95,36
0413_1_垃圾蓑衣,0413_1,垃圾蓑衣,60,69,95,69,95,36
0413_2_垃圾蓑衣,0413_2,垃圾蓑衣,60,69,95,69,95,36
0414_0_一般,0414_0,一般,70,94,50,94,50,66
0415_0_一般,0415_0,一般,30,30,42,30,42,70
0416_0_一般,0416_0,一般,70,80,102,80,102,40
0417_0_一般,0417_0,一般,60,45,70,45,90,95
0418_0_一般,0418_0,一般,55,65,35,60,30,85
0419_0_一般,0419_0,一般,85,105,55,85,50,115
0420_0_一般,0420_0,一般,45,35,45,62,53,35
0421_0_阴天形态／晴天形态（除《传说 阿尔宙斯》外）,0421_0,阴天形态／晴天形态（除《传说 阿尔宙斯》外）,70,60,70,87,78,85
0421_1_阴天形态／晴天形态（除《传说 阿尔宙斯》外）,0421_1,阴天形态／晴天形态（除《传说 阿尔宙斯》外）,70,60,70,87,78,85
0421_0_晴天形态（仅《传说 阿尔宙斯》中）,0421_0,晴天形态（仅《传说 阿尔宙斯》中）,70,90,70,87,117,85
0421_1_晴天形态（仅《传说 阿尔宙斯》中）,0421_1,晴天形态（仅《传说 阿尔宙斯》中）,70,90,70,87,117,85
0422_0_一般,0422_0,一般,76,48,48,57,62,34
0422_1_一般,0422_1,一般,76,48,48,57,62,34
0423_0_一般,0423_0,一般,111,83,68,92,82,39
0423_1_一般,0423_1,一般,111,83,68,92,82,39
0424_0_一般,0424_0,一般,75,100,66,60,66,115
0425_0_一般,0425_0,一般,90,50,34,60,44,70
0426_0_一般,0426_0,一般,150,80,44,90,54,80
0427_0_一般,0427_0,一般,55,66,44,44,56,85
0428_0_一般,0428_0,一般,65,76,84,54,96,105
0428_1_一般,0428_1,一般,65,76,84,54,96,105
0428_0_超级进化,0428_0,超级进化,65,136,94,54,96,135
0428_1_超级进化,0428_1,超级进化,65,136,94,54,96,135
0429_0_一般,0429_0,一般,60,60,60,105,105,105
0430_0_一般,0430_0,一般,100,125,52,105,52,71
0431_0_一般,0431_0,一般,49,55,42,42,37,85
0432_0_一般,0432_0,一般,71,82,64,64,59,112
0433_0_一般,0433_0,一般,45,30,50,65,50,45
0434_0_一般,0434_0,一般,63,63,47,41,41,74
0435_0_一般,0435_0,一般,103,93,67,71,61,84
0436_0_一般,0436_0,一般,57,24,86,24,86,23
0437_0_一般,0437_0,一般,67,89,116,79,116,33
0438_0_一般,0438_0,一般,50,80,95,10,45,10
0439_0_一般,0439_0,一般,20,25,45,70,90,60
0440_0_一般,0440_0,一般,100,5,5,15,65,30
0441_0_一般,0441_0,一般,76,65,45,92,42,91
0442_0_一般,0442_0,一般,50,92,108,92,108,35
0443_0_一般,0443_0,一般,58,70,45,40,45,42
0444_0_一般,0444_0,一般,68,90,65,50,55,82
0445_0_一般,0445_0,一般,108,130,95,80,85,102
0445_1_一般,0445_1,一般,108,130,95,80,85,102
0445_0_超级进化,0445_0,超级进化,108,170,115,120,95,92
0445_1_超级进化,0445_1,超级进化,108,170,115,120,95,92
0446_0_一般,0446_0,一般,135,85,40,40,85,5
0447_0_一般,0447_0,一般,40,70,40,35,40,60
0448_0_一般,0448_0,一般,70,110,70,115,70,90
0448_1_一般,0448_1,一般,70,110,70,115,70,90
0448_0_超级进化,0448_0,超级进化,70,145,88,140,70,112
0448_1_超级进化,0448_1,超级进化,70,145,88,140,70,112
0449_0_一般,0449_0,一般,68,72,78,38,42,32
0450_0_一般,0450_0,一般,108,112,118,68,72,47
0451_0_一般,0451_0,一般,40,50,90,30,55,65
0452_0_一般,0452_0,一般,70,90,110,60,75,95
0453_0_一般,0453_0,一般,48,61,40,61,40,50
0454_0_一般,0454_0,一般,83,106,65,86,65,85
0455_0_一般,0455_0,一般,74,100,72,90,72,46
0456_0_一般,0456_0,一般,49,49,56,49,61,66
0457_0_一般,0457_0,一般,69,69,76,69,86,91
0458_0_一般,0458_0,一般,45,20,50,60,120,50
0459_0_一般,0459_0,一般,60,62,50,62,60,40
0460_0_一般,0460_0,一般,90,92,75,92,85,60
0460_1_一般,0460_1,一般,90,92,75,92,85,60
0460_0_超级进化,0460_0,超级进化,90,132,105,132,105,30
0460_1_超级进化,0460_1,超级进化,90,132,105,132,105,30
0461_0_一般,0461_0,一般,70,120,65,45,85,125
0462_0_一般,0462_0,一般,70,70,115,130,90,60
0463_0_一般,0463_0,一般,110,85,95,80,95,50
0464_0_一般,0464_0,一般,115,140,130,55,55,40
0465_0_一般,0465_0,一般,100,100,125,110,50,50
0466_0_一般,0466_0,一般,75,123,67,95,85,95
0467_0_一般,0467_0,一般,75,95,67,125,95,83
0468_0_一般,0468_0,一般,85,50,95,120,115,80
0469_0_一般,0469_0,一般,86,76,86,116,56,95
0470_0_一般,0470_0,一般,65,110,130,60,65,95
0471_0_一般,0471_0,一般,65,60,110,130,95,65
0472_0_一般,0472_0,一般,75,95,125,45,75,95
0473_0_一般,0473_0,一般,110,130,80,70,60,80
0474_0_一般,0474_0,一般,85,80,70,135,75,90
0475_0_一般,0475_0,一般,68,125,65,65,115,80
0475_1_一般,0475_1,一般,68,125,65,65,115,80
0475_0_超级进化,0475_0,超级进化,68,165,95,65,115,110
0475_1_超级进化,0475_1,超级进化,68,165,95,65,115,110
0476_0_一般,0476_0,一般,60,55,145,75,150,40
0477_0_一般,0477_0,一般,45,100,135,65,135,45
0478_0_一般,0478_0,一般,70,80,70,80,70,110
0479_0_洛托姆的样子,0479_0,洛托姆的样子,50,50,77,95,77,91
0479_1_洛托姆的样子,0479_1,洛托姆的样子,50,50,77,95,77,91
0479_2_洛托姆的样子,0479_2,洛托姆的样子,50,50,77,95,77,91
0479_3_洛托姆的样子,0479_3,洛托姆的样子,50,50,77,95,77,91
0479_4_洛托姆的样子,0479_4,洛托姆的样子,50,50,77,95,77,91
0479_5_洛托姆的样子,0479_5,洛托姆的样子,50,50,77,95,77,91
0479_0_加热／清洗／结冰／旋转／切割洛托姆,0479_0,加热／清洗／结冰／旋转／切割洛托姆,50,65,107,105,107,86
0479_1_加热／清洗／结冰／旋转／切割洛托姆,0479_1,加热／清洗／结冰／旋转／切割洛托姆,50,65,107,105,107,86
0479_2_加热／清洗／结冰／旋转／切割洛托姆,0479_2,加热／清洗／结冰／旋转／切割洛托姆,50,65,107,105,107,86
0479_3_加热／清洗／结冰／旋转／切割洛托姆,0479_3,加热／清洗／结冰／旋转／切割洛托姆,50,65,107,105,107,86
0479_4_加热／清洗／结冰／旋转／切割洛托姆,0479_4,加热／清洗／结冰／旋转／切割洛托姆,50,65,107,105,107,86
0479_5_加热／清洗／结冰／旋转／切割洛托姆,0479_5,加热／清洗／结冰／旋转／切割洛托姆,50,65,107,105,107,86
0480_0_一般,0480_0,一般,75,75,130,75,130,95
0481_0_一般,0481_0,一般,80,105,105,105,105,80
0482_0_一般,0482_0,一般,75,125,70,125,70,115
0483_0_通常,0483_0,通常,100,120,120,150,100,90
0483_1_通常,0483_1,通常,100,120,120,150,100,90
0483_0_起源形态,0483_0,起源形态,100,100,120,150,120,90
0483_1_起源形态,0483_1,起源形态,100,100,120,150,120,90
0484_0_通常,0484_0,通常,90,120,100,150,120,100
0484_1_通常,0484_1,通常,90,120,100,150,120,100
0484_0_起源形态,0484_0,起源形态,90,100,100,150,120,120
0484_1_起源形态,0484_1,起源形态,90,100,100,150,120,120
0485_0_一般,0485_0,一般,91,90,106,130,106,77
0486_0_一般,0486_0,一般,110,160,110,80,110,100
0487_0_别种形态,0487_0,别种形态,150,100,120,100,120,90
0487_1_别种形态,0487_1,别种形态,150,100,120,100,120,90
0487_0_起源形态,0487_0,起源形态,150,120,100,120,100,90
0487_1_起源形态,0487_1,起源形态,150,120,100,120,100,90
0488_0_第九世代起,0488_0,第九世代起,120,70,110,75,120,85
0488_0_第九世代之前,0488_0,第九世代之前,120,70,120,75,130,85
0489_0_一般,0489_0,一般,80,80,80,80,80,80
0490_0_一般,0490_0,一般,100,100,100,100,100,100
0491_0_一般,0491_0,一般,70,90,90,135,90,125
0492_0_陆地形态,0492_0,陆地形态,100,100,100,100,100,100
0492_1_陆地形态,0492_1,陆地形态,100,100,100,100,100,100
0492_0_天空形态,0492_0,天空形态,100,103,75,120,75,127
0492_1_天空形态,0492_1,天空形态,100,103,75,120,75,127
0493_0_一般,0493_0,一般,120,120,120,120,120,120
0494_0_一般,0494_0,一般,100,100,100,100,100,100
0495_0_一般,0495_0,一般,45,45,55,45,55,63
0496_0_一般,0496_0,一般,60,60,75,60,75,83
0497_0_一般,0497_0,一般,75,75,95,75,95,113
0498_0_一般,0498_0,一般,65,63,45,45,45,45
0499_0_一般,0499_0,一般,90,93,55,70,55,55
0500_0_一般,0500_0,一般,110,123,65,100,65,65
0501_0_一般,0501_0,一般,55,55,45,63,45,45
0502_0_一般,0502_0,一般,75,75,60,83,60,60
0503_0_一般的样子,0503_0,一般的样子,95,100,85,108,70,70
0503_1_一般的样子,0503_1,一般的样子,95,100,85,108,70,70
0503_0_洗翠的样子,0503_0,洗翠的样子,90,108,80,100,65,85
0503_1_洗翠的样子,0503_1,洗翠的样子,90,108,80,100,65,85
0504_0_一般,0504_0,一般,45,55,39,35,39,42
0505_0_一般,0505_0,一般,60,85,69,60,69,77
0506_0_一般,0506_0,一般,45,60,45,25,45,55
0507_0_一般,0507_0,一般,65,80,65,35,65,60
0508_0_第六世代起,0508_0,第六世代起,85,110,90,45,90,80
0508_0_第六世代之前,0508_0,第六世代之前,85,100,90,45,90,80
0509_0_一般,0509_0,一般,41,50,37,50,37,66
0510_0_一般,0510_0,一般,64,88,50,88,50,106
0511_0_一般,0511_0,一般,50,53,48,53,48,64
0512_0_一般,0512_0,一般,75,98,63,98,63,101
0513_0_一般,0513_0,一般,50,53,48,53,48,64
0514_0_一般,0514_0,一般,75,98,63,98,63,101
0515_0_一般,0515_0,一般,50,53,48,53,48,64
0516_0_一般,0516_0,一般,75,98,63,98,63,101
0517_0_一般,0517_0,一般,76,25,45,67,55,24
0518_0_一般,0518_0,一般,116,55,85,107,95,29
0519_0_一般,0519_0,一般,50,55,50,36,30,43
0520_0_一般,0520_0,一般,62,77,62,50,42,65
0521_0_第六世代起,0521_0,第六世代起,80,115,80,65,55,93
0521_0_第六世代之前,0521_0,第六世代之前,80,105,80,65,55,93
0522_0_一般,0522_0,一般,45,60,32,50,32,76
0523_0_一般,0523_0,一般,75,100,63,80,63,116
0524_0_一般,0524_0,一般,55,75,85,25,25,15
0525_0_一般,0525_0,一般,70,105,105,50,40,20
0526_0_第六世代起,0526_0,第六世代起,85,135,130,60,80,25
0526_0_第六世代之前,0526_0,第六世代之前,85,135,130,60,70,25
0527_0_第七世代起,0527_0,第七世代起,65,45,43,55,43,72
0527_0_第七世代之前,0527_0,第七世代之前,55,45,43,55,43,72
0528_0_一般,0528_0,一般,67,57,55,77,55,114
0529_0_一般,0529_0,一般,60,85,40,30,45,68
0530_0_一般,0530_0,一般,110,135,60,50,65,88
0531_0_一般,0531_0,一般,103,60,86,60,86,50
0531_1_一般,0531_1,一般,103,60,86,60,86,50
0531_0_超级进化,0531_0,超级进化,103,60,126,80,126,50
0531_1_超级进化,0531_1,超级进化,103,60,126,80,126,50
0532_0_一般,0532_0,一般,75,80,55,25,35,35
0533_0_一般,0533_0,一般,85,105,85,40,50,40
0534_0_一般,0534_0,一般,105,140,95,55,65,45
0535_0_一般,0535_0,一般,50,50,40,50,40,64
0536_0_一般,0536_0,一般,75,65,55,65,55,69
0537_0_第六世代起,0537_0,第六世代起,105,95,75,85,75,74
0537_0_第六世代之前,0537_0,第六世代之前,105,85,75,85,75,74
0538_0_一般,0538_0,一般,120,100,85,30,85,45
0539_0_一般,0539_0,一般,75,125,75,30,75,85
0540_0_一般,0540_0,一般,45,53,70,40,60,42
0541_0_一般,0541_0,一般,55,63,90,50,80,42
0542_0_第六世代起,0542_0,第六世代起,75,103,80,70,80,92
0542_0_第六世代之前,0542_0,第六世代之前,75,103,80,70,70,92
0543_0_一般,0543_0,一般,30,45,59,30,39,57
0544_0_一般,0544_0,一般,40,55,99,40,79,47
0545_0_第六世代起,0545_0,第六世代起,60,100,89,55,69,112
0545_0_第六世代之前,0545_0,第六世代之前,60,90,89,55,69,112
0546_0_一般,0546_0,一般,40,27,60,37,50,66
0547_0_一般,0547_0,一般,60,67,85,77,75,116
0548_0_一般,0548_0,一般,45,35,50,70,50,30
0549_0_一般的样子,0549_0,一般的样子,70,60,75,110,75,90
0549_1_一般的样子,0549_1,一般的样子,70,60,75,110,75,90
0549_0_洗翠的样子,0549_0,洗翠的样子,70,105,75,50,75,105
0549_1_洗翠的样子,0549_1,洗翠的样子,70,105,75,50,75,105
0550_0_一般,0550_0,一般,70,92,65,80,55,98
0550_1_一般,0550_1,一般,70,92,65,80,55,98
0550_2_一般,0550_2,一般,70,92,65,80,55,98
0551_0_一般,0551_0,一般,50,72,35,35,35,65
0552_0_一般,0552_0,一般,60,82,45,45,45,74
0553_0_第六世代起,0553_0,第六世代起,95,117,80,65,70,92
0553_0_第六世代之前,0553_0,第六世代之前,95,117,70,65,70,92
0554_0_一般,0554_0,一般,70,90,45,15,45,50
0554_1_一般,0554_1,一般,70,90,45,15,45,50
0554_0_伽勒尔的样子,0554_0,伽勒尔的样子,70,90,45,15,45,50
0554_1_伽勒尔的样子,0554_1,伽勒尔的样子,70,90,45,15,45,50
0555_0_普通模式,0555_0,普通模式,105,140,55,30,55,95
0555_1_普通模式,0555_1,普通模式,105,140,55,30,55,95
0555_2_普通模式,0555_2,普通模式,105,140,55,30,55,95
0555_3_普通模式,0555_3,普通模式,105,140,55,30,55,95
0555_0_达摩模式,0555_0,达摩模式,105,30,105,140,105,55
0555_1_达摩模式,0555_1,达摩模式,105,30,105,140,105,55
0555_2_达摩模式,0555_2,达摩模式,105,30,105,140,105,55
0555_3_达摩模式,0555_3,达摩模式,105,30,105,140,105,55
0555_0_伽勒尔的样子,0555_0,伽勒尔的样子,105,140,55,30,55,95
0555_1_伽勒尔的样子,0555_1,伽勒尔的样子,105,140,55,30,55,95
0555_2_伽勒尔的样子,0555_2,伽勒尔的样子,105,140,55,30,55,95
0555_3_伽勒尔的样子,0555_3,伽勒尔的样子,105,140,55,30,55,95
0555_0_伽勒尔的样子(达摩模式),0555_0,伽勒尔的样子(达摩模式),105,160,55,30,55,135
0555_1_伽勒尔的样子(达摩模式),0555_1,伽勒尔的样子(达摩模式),105,160,55,30,55,135
0555_2_伽勒尔的样子(达摩模式),0555_2,伽勒尔的样子(达摩模式),105,160,55,30,55,135
0555_3_伽勒尔的样子(达摩模式),0555_3,伽勒尔的样子(达摩模式),105,160,55,30,55,135
0556_0_一般,0556_0,一般,75,86,67,106,67,60
0557_0_一般,0557_0,一般,50,65,85,35,35,55
0558_0_第七世代起,0558_0,第七世代起,70,105,125,65,75,45
0558_0_第七世代之前,0558_0,第七世代之前,70,95,125,65,75,45
0559_0_一般,0559_0,一般,50,75,70,35,70,48
0560_0_一般,0560_0,一般,65,90,115,45,115,58
0561_0_一般,0561_0,一般,72,58,80,103,80,97
0562_0_一般,0562_0,一般,38,30,85,55,65,30
0562_1_一般,0562_1,一般,38,30,85,55,65,30
0562_0_伽勒尔的样子,0562_0,伽勒尔的样子,38,55,85,30,65,30
0562_1_伽勒尔的样子,0562_1,伽勒尔的样子,38,55,85,30,65,30
0563_0_一般,0563_0,一般,58,50,145,95,105,30
0564_0_一般,0564_0,一般,54,78,103,53,45,22
0565_0_一般,0565_0,一般,74,108,133,83,65,32
0566_0_一般,0566_0,一般,55,112,45,74,45,70
0567_0_一般,0567_0,一般,75,140,65,112,65,110
0568_0_一般,0568_0,一般,50,50,62,40,62,65
0569_0_一般,0569_0,一般,80,95,82,60,82,75
0569_1_一般,0569_1,一般,80,95,82,60,82,75
0570_0_一般的样子,0570_0,一般的样子,40,65,40,80,40,65
0570_1_一般的样子,0570_1,一般的样子,40,65,40,80,40,65
0570_0_洗翠的样子,0570_0,洗翠的样子,35,60,40,85,40,70
0570_1_洗翠的样子,0570_1,洗翠的样子,35,60,40,85,40,70
0571_0_一般的样子,0571_0,一般的样子,60,105,60,120,60,105
0571_1_一般的样子,0571_1,一般的样子,60,105,60,120,60,105
0571_0_洗翠的样子,0571_0,洗翠的样子,55,100,60,125,60,110
0571_1_洗翠的样子,0571_1,洗翠的样子,55,100,60,125,60,110
0572_0_一般,0572_0,一般,55,50,40,40,40,75
0573_0_一般,0573_0,一般,75,95,60,65,60,115
0574_0_一般,0574_0,一般,45,30,50,55,65,45
0575_0_一般,0575_0,一般,60,45,70,75,85,55
0576_0_一般,0576_0,一般,70,55,95,95,110,65
0577_0_一般,0577_0,一般,45,30,40,105,50,20
0578_0_一般,0578_0,一般,65,40,50,125,60,30
0579_0_一般,0579_0,一般,110,65,75,125,85,30
0580_0_一般,0580_0,一般,62,44,50,44,50,55
0581_0_一般,0581_0,一般,75,87,63,87,63,98
0582_0_一般,0582_0,一般,36,50,50,65,60,44
0583_0_一般,0583_0,一般,51,65,65,80,75,59
0584_0_一般,0584_0,一般,71,95,85,110,95,79
0585_0_一般,0585_0,一般,60,60,50,40,50,75
0585_1_一般,0585_1,一般,60,60,50,40,50,75
0585_2_一般,0585_2,一般,60,60,50,40,50,75
0585_3_一般,0585_3,一般,60,60,50,40,50,75
0586_0_一般,0586_0,一般,80,100,70,60,70,95
0586_1_一般,0586_1,一般,80,100,70,60,70,95
0586_2_一般,0586_2,一般,80,100,70,60,70,95
0586_3_一般,0586_3,一般,80,100,70,60,70,95
0587_0_一般,0587_0,一般,55,75,60,75,60,103
0588_0_一般,0588_0,一般,50,75,45,40,45,60
0589_0_一般,0589_0,一般,70,135,105,60,105,20
0590_0_一般,0590_0,一般,69,55,45,55,55,15
0591_0_一般,0591_0,一般,114,85,70,85,80,30
0592_0_一般,0592_0,一般,55,40,50,65,85,40
0593_0_一般,0593_0,一般,100,60,70,85,105,60
0594_0_一般,0594_0,一般,165,75,80,40,45,65
0595_0_一般,0595_0,一般,50,47,50,57,50,65
0596_0_一般,0596_0,一般,70,77,60,97,60,108
0597_0_一般,0597_0,一般,44,50,91,24,86,10
0598_0_一般,0598_0,一般,74,94,131,54,116,20
0599_0_一般,0599_0,一般,40,55,70,45,60,30
0600_0_一般,0600_0,一般,60,80,95,70,85,50
0601_0_一般,0601_0,一般,60,100,115,70,85,90
0602_0_一般,0602_0,一般,35,55,40,45,40,60
0603_0_一般,0603_0,一般,65,85,70,75,70,40
0604_0_一般,0604_0,一般,85,115,80,105,80,50
0605_0_一般,0605_0,一般,55,55,55,85,55,30
0606_0_一般,0606_0,一般,75,75,75,125,95,40
0607_0_一般,0607_0,一般,50,30,55,65,55,20
0608_0_一般,0608_0,一般,60,40,60,95,60,55
0609_0_一般,0609_0,一般,60,55,90,145,90,80
0610_0_一般,0610_0,一般,46,87,60,30,40,57
0611_0_一般,0611_0,一般,66,117,70,40,50,67
0612_0_一般,0612_0,一般,76,147,90,60,70,97
0613_0_一般,0613_0,一般,55,70,40,60,40,40
0614_0_第七世代起,0614_0,第七世代起,95,130,80,70,80,50
0614_0_第七世代之前,0614_0,第七世代之前,95,110,80,70,80,50
0615_0_第七世代起,0615_0,第七世代起,80,50,50,95,135,105
0615_0_第七世代之前,0615_0,第七世代之前,70,50,30,95,135,105
0616_0_一般,0616_0,一般,50,40,85,40,65,25
0617_0_一般,0617_0,一般,80,70,40,100,60,145
0618_0_一般,0618_0,一般,109,66,84,81,99,32
0618_1_一般,0618_1,一般,109,66,84,81,99,32
0618_0_伽勒尔的样子,0618_0,伽勒尔的样子,109,81,99,66,84,32
0618_1_伽勒尔的样子,0618_1,伽勒尔的样子,109,81,99,66,84,32
0619_0_一般,0619_0,一般,45,85,50,55,50,65
0620_0_一般,0620_0,一般,65,125,60,95,60,105
0621_0_一般,0621_0,一般,77,120,90,60,90,48
0622_0_一般,0622_0,一般,59,74,50,35,50,35
0623_0_一般,0623_0,一般,89,124,80,55,80,55
0624_0_一般,0624_0,一般,45,85,70,40,40,60
0625_0_一般,0625_0,一般,65,125,100,60,70,70
0626_0_一般,0626_0,一般,95,110,95,40,95,55
0627_0_一般,0627_0,一般,70,83,50,37,50,60
0628_0_一般的样子,0628_0,一般的样子,100,123,75,57,75,80
0628_1_一般的样子,0628_1,一般的样子,100,123,75,57,75,80
0628_0_洗翠的样子,0628_0,洗翠的样子,110,83,70,112,70,65
0628_1_洗翠的样子,0628_1,洗翠的样子,110,83,70,112,70,65
0629_0_一般,0629_0,一般,70,55,75,45,65,60
0630_0_一般,0630_0,一般,110,65,105,55,95,80
0631_0_一般,0631_0,一般,85,97,66,105,66,65
0632_0_一般,0632_0,一般,58,109,112,48,48,109
0633_0_一般,0633_0,一般,52,65,50,45,50,38
0634_0_一般,0634_0,一般,72,85,70,65,70,58
0635_0_一般,0635_0,一般,92,105,90,125,90,98
0636_0_一般,0636_0,一般,55,85,55,50,55,60
0637_0_一般,0637_0,一般,85,60,65,135,105,100
0638_0_一般,0638_0,一般,91,90,129,90,72,108
0639_0_一般,0639_0,一般,91,129,90,72,90,108
0640_0_一般,0640_0,一般,91,90,72,90,129,108
0641_0_化身形态,0641_0,化身形态,79,115,70,125,80,111
0641_1_化身形态,0641_1,化身形态,79,115,70,125,80,111
0641_0_灵兽形态,0641_0,灵兽形态,79,100,80,110,90,121
0641_1_灵兽形态,0641_1,灵兽形态,79,100,80,110,90,121
0642_0_化身形态,0642_0,化身形态,79,115,70,125,80,111
0642_1_化身形态,0642_1,化身形态,79,115,70,125,80,111
0642_0_灵兽形态,0642_0,灵兽形态,79,105,70,145,80,101
0642_1_灵兽形态,0642_1,灵兽形态,79,105,70,145,80,101
0643_0_一般,0643_0,一般,100,120,100,150,120,90
0644_0_一般,0644_0,一般,100,150,120,120,100,90
0645_0_化身形态,0645_0,化身形态,89,125,90,115,80,101
0645_1_化身形态,0645_1,化身形态,89,125,90,115,80,101
0645_0_灵兽形态,0645_0,灵兽形态,89,145,90,105,80,91
0645_1_灵兽形态,0645_1,灵兽形态,89,145,90,105,80,91
0646_0_酋雷姆,0646_0,酋雷姆,125,130,90,130,90,95
0646_1_酋雷姆,0646_1,酋雷姆,125,130,90,130,90,95
0646_2_酋雷姆,0646_2,酋雷姆,125,130,90,130,90,95
0646_0_暗黑酋雷姆,0646_0,暗黑酋雷姆,125,170,100,120,90,95
0646_1_暗黑酋雷姆,0646_1,暗黑酋雷姆,125,170,100,120,90,95
0646_2_暗黑酋雷姆,0646_2,暗黑酋雷姆,125,170,100,120,90,95
0646_0_焰白酋雷姆,0646_0,焰白酋雷姆,125,120,90,170,100,95
0646_1_焰白酋雷姆,0646_1,焰白酋雷姆,125,120,90,170,100,95
0646_2_焰白酋雷姆,0646_2,焰白酋雷姆,125,120,90,170,100,95
0647_0_一般,0647_0,一般,91,72,90,129,90,108
0647_1_一般,0647_1,一般,91,72,90,129,90,108
0648_0_歌声形态,0648_0,歌声形态,100,77,77,128,128,90
0648_1_歌声形态,0648_1,歌声形态,100,77,77,128,128,90
0648_0_舞步形态,0648_0,舞步形态,100,128,90,77,77,128
0648_1_舞步形态,0648_1,舞步形态,100,128,90,77,77,128
0649_0_一般,0649_0,一般,71,120,95,120,95,99
0650_0_一般,0650_0,一般,56,61,65,48,45,38
0651_0_一般,0651_0,一般,61,78,95,56,58,57
0652_0_一般,0652_0,一般,88,107,122,74,75,64
0653_0_一般,0653_0,一般,40,45,40,62,60,60
0654_0_一般,0654_0,一般,59,59,58,90,70,73
0655_0_一般,0655_0,一般,75,69,72,114,100,104
0656_0_一般,0656_0,一般,41,56,40,62,44,71
0657_0_一般,0657_0,一般,54,63,52,83,56,97
0658_0_甲贺忍蛙,0658_0,甲贺忍蛙,72,95,67,103,71,122
0658_1_甲贺忍蛙,0658_1,甲贺忍蛙,72,95,67,103,71,122
0658_0_小智版甲贺忍蛙,0658_0,小智版甲贺忍蛙,72,145,67,153,71,132
0658_1_小智版甲贺忍蛙,0658_1,小智版甲贺忍蛙,72,145,67,153,71,132
0659_0_一般,0659_0,一般,38,36,38,32,36,57
0660_0_一般,0660_0,一般,85,56,77,50,77,78
0661_0_一般,0661_0,一般,45,50,43,40,38,62
0662_0_一般,0662_0,一般,62,73,55,56,52,84
0663_0_一般,0663_0,一般,78,81,71,74,69,126
0664_0_一般,0664_0,一般,38,35,40,27,25,35
0665_0_一般,0665_0,一般,45,22,60,27,30,29
0666_0_一般,0666_0,一般,80,52,50,90,50,89
0667_0_一般,0667_0,一般,62,50,58,73,54,72
0668_0_一般,0668_0,一般,86,68,72,109,66,106
0669_0_一般,0669_0,一般,44,38,39,61,79,42
0669_1_一般,0669_1,一般,44,38,39,61,79,42
0669_2_一般,0669_2,一般,44,38,39,61,79,42
0669_3_一般,0669_3,一般,44,38,39,61,79,42
0669_4_一般,0669_4,一般,44,38,39,61,79,42
0670_0_红花、橙花、蓝花、白花、黄花,0670_0,红花、橙花、蓝花、白花、黄花,54,45,47,75,98,52
0670_1_红花、橙花、蓝花、白花、黄花,0670_1,红花、橙花、蓝花、白花、黄花,54,45,47,75,98,52
0670_2_红花、橙花、蓝花、白花、黄花,0670_2,红花、橙花、蓝花、白花、黄花,54,45,47,75,98,52
0670_3_红花、橙花、蓝花、白花、黄花,0670_3,红花、橙花、蓝花、白花、黄花,54,45,47,75,98,52
0670_4_红花、橙花、蓝花、白花、黄花,0670_4,红花、橙花、蓝花、白花、黄花,54,45,47,75,98,52
0670_5_红花、橙花、蓝花、白花、黄花,0670_5,红花、橙花、蓝花、白花、黄花,54,45,47,75,98,52
0670_0_永恒之花,0670_0,永恒之花,74,65,67,125,128,92
0670_1_永恒之花,0670_1,永恒之花,74,65,67,125,128,92
0670_2_永恒之花,0670_2,永恒之花,74,65,67,125,128,92
0670_3_永恒之花,0670_3,永恒之花,74,65,67,125,128,92
0670_4_永恒之花,0670_4,永恒之花,74,65,67,125,128,92
0670_5_永恒之花,0670_5,永恒之花,74,65,67,125,128,92
0671_0_一般,0671_0,一般,78,65,68,112,154,75
0671_1_一般,0671_1,一般,78,65,68,112,154,75
0671_2_一般,0671_2,一般,78,65,68,112,154,75
0671_3_一般,0671_3,一般,78,65,68,112,154,75
0671_4_一般,0671_4,一般,78,65,68,112,154,75
0672_0_一般,0672_0,一般,66,65,48,62,57,52
0673_0_一般,0673_0,一般,123,100,62,97,81,68
0674_0_一般,0674_0,一般,67,82,62,46,48,43
0675_0_一般,0675_0,一般,95,124,78,69,71,58
0676_0_一般,0676_0,一般,75,80,60,65,90,102
0677_0_一般,0677_0,一般,62,48,54,63,60,68
0678_0_一般,0678_0,一般,74,48,76,83,81,104
0678_1_一般,0678_1,一般,74,48,76,83,81,104
0679_0_一般,0679_0,一般,45,80,100,35,37,28
0680_0_一般,0680_0,一般,59,110,150,45,49,35
0681_0_盾牌形态（第八世代起）,0681_0,盾牌形态（第八世代起）,60,50,140,50,140,60
0681_1_盾牌形态（第八世代起）,0681_1,盾牌形态（第八世代起）,60,50,140,50,140,60
0681_0_刀剑形态（第八世代起）,0681_0,刀剑形态（第八世代起）,60,140,50,140,50,60
0681_1_刀剑形态（第八世代起）,0681_1,刀剑形态（第八世代起）,60,140,50,140,50,60
0681_0_盾牌形态（第八世代之前）,0681_0,盾牌形态（第八世代之前）,60,50,150,50,150,60
0681_1_盾牌形态（第八世代之前）,0681_1,盾牌形态（第八世代之前）,60,50,150,50,150,60
0681_0_刀剑形态（第八世代之前）,0681_0,刀剑形态（第八世代之前）,60,150,50,150,50,60
0681_1_刀剑形态（第八世代之前）,0681_1,刀剑形态（第八世代之前）,60,150,50,150,50,60
0682_0_一般,0682_0,一般,78,52,60,63,65,23
0683_0_一般,0683_0,一般,101,72,72,99,89,29
0684_0_一般,0684_0,一般,62,48,66,59,57,49
0685_0_一般,0685_0,一般,82,80,86,85,75,72
0686_0_一般,0686_0,一般,53,54,53,37,46,45
0687_0_一般,0687_0,一般,86,92,88,68,75,73
0688_0_一般,0688_0,一般,42,52,67,39,56,50
0689_0_一般,0689_0,一般,72,105,115,54,86,68
0690_0_一般,0690_0,一般,50,60,60,60,60,30
0691_0_一般,0691_0,一般,65,75,90,97,123,44
0692_0_一般,0692_0,一般,50,53,62,58,63,44
0693_0_一般,0693_0,一般,71,73,88,120,89,59
0694_0_一般,0694_0,一般,44,38,33,61,43,70
0695_0_一般,0695_0,一般,62,55,52,109,94,109
0696_0_一般,0696_0,一般,58,89,77,45,45,48
0697_0_一般,0697_0,一般,82,121,119,69,59,71
0698_0_一般,0698_0,一般,77,59,50,67,63,46
0699_0_一般,0699_0,一般,123,77,72,99,92,58
0700_0_一般,0700_0,一般,95,65,65,110,130,60
0701_0_一般,0701_0,一般,78,92,75,74,63,118
0702_0_一般,0702_0,一般,67,58,57,81,67,101
0703_0_一般,0703_0,一般,50,50,150,50,150,50
0704_0_一般,0704_0,一般,45,50,35,55,75,40
0705_0_一般的样子,0705_0,一般的样子,68,75,53,83,113,60
0705_1_一般的样子,0705_1,一般的样子,68,75,53,83,113,60
0705_0_洗翠的样子,0705_0,洗翠的样子,58,75,83,83,113,40
0705_1_洗翠的样子,0705_1,洗翠的样子,58,75,83,83,113,40
0706_0_一般的样子,0706_0,一般的样子,90,100,70,110,150,80
0706_1_一般的样子,0706_1,一般的样子,90,100,70,110,150,80
0706_0_洗翠的样子,0706_0,洗翠的样子,80,100,100,110,150,60
0706_1_洗翠的样子,0706_1,洗翠的样子,80,100,100,110,150,60
0707_0_一般,0707_0,一般,57,80,91,80,87,75
0708_0_一般,0708_0,一般,43,70,48,50,60,38
0709_0_一般,0709_0,一般,85,110,76,65,82,56
0710_0_小尺寸,0710_0,小尺寸,44,66,70,44,55,56
0710_1_小尺寸,0710_1,小尺寸,44,66,70,44,55,56
0710_2_小尺寸,0710_2,小尺寸,44,66,70,44,55,56
0710_3_小尺寸,0710_3,小尺寸,44,66,70,44,55,56
0710_0_普通尺寸,0710_0,普通尺寸,49,66,70,44,55,51
0710_1_普通尺寸,0710_1,普通尺寸,49,66,70,44,55,51
0710_2_普通尺寸,0710_2,普通尺寸,49,66,70,44,55,51
0710_3_普通尺寸,0710_3,普通尺寸,49,66,70,44,55,51
0710_0_大尺寸,0710_0,大尺寸,54,66,70,44,55,46
0710_1_大尺寸,0710_1,大尺寸,54,66,70,44,55,46
0710_2_大尺寸,0710_2,大尺寸,54,66,70,44,55,46
0710_3_大尺寸,0710_3,大尺寸,54,66,70,44,55,46
0710_0_特大尺寸,0710_0,特大尺寸,59,66,70,44,55,41
0710_1_特大尺寸,0710_1,特大尺寸,59,66,70,44,55,41
0710_2_特大尺寸,0710_2,特大尺寸,59,66,70,44,55,41
0710_3_特大尺寸,0710_3,特大尺寸,59,66,70,44,55,41
0711_0_小尺寸,0711_0,小尺寸,55,85,122,58,75,99
0711_1_小尺寸,0711_1,小尺寸,55,85,122,58,75,99
0711_2_小尺寸,0711_2,小尺寸,55,85,122,58,75,99
0711_3_小尺寸,0711_3,小尺寸,55,85,122,58,75,99
0711_0_普通尺寸,0711_0,普通尺寸,65,90,122,58,75,84
0711_1_普通尺寸,0711_1,普通尺寸,65,90,122,58,75,84
0711_2_普通尺寸,0711_2,普通尺寸,65,90,122,58,75,84
0711_3_普通尺寸,0711_3,普通尺寸,65,90,122,58,75,84
0711_0_大尺寸,0711_0,大尺寸,75,95,122,58,75,69
0711_1_大尺寸,0711_1,大尺寸,75,95,122,58,75,69
0711_2_大尺寸,0711_2,大尺寸,75,95,122,58,75,69
0711_3_大尺寸,0711_3,大尺寸,75,95,122,58,75,69
0711_0_特大尺寸,0711_0,特大尺寸,85,100,122,58,75,54
0711_1_特大尺寸,0711_1,特大尺寸,85,100,122,58,75,54
0711_2_特大尺寸,0711_2,特大尺寸,85,100,122,58,75,54
0711_3_特大尺寸,0711_3,特大尺寸,85,100,122,58,75,54
0712_0_一般,0712_0,一般,55,69,85,32,35,28
0713_0_一般的样子,0713_0,一般的样子,95,117,184,44,46,28
0713_1_一般的样子,0713_1,一般的样子,95,117,184,44,46,28
0713_0_洗翠的样子,0713_0,洗翠的样子,95,127,184,34,36,38
0713_1_洗翠的样子,0713_1,洗翠的样子,95,127,184,34,36,38
0714_0_一般,0714_0,一般,40,30,35,45,40,55
0715_0_一般,0715_0,一般,85,70,80,97,80,123
0716_0_一般,0716_0,一般,126,131,95,131,98,99
0716_1_一般,0716_1,一般,126,131,95,131,98,99
0717_0_一般,0717_0,一般,126,131,95,131,98,99
0718_0_１０％形态,0718_0,１０％形态,54,100,71,61,85,115
0718_1_１０％形态,0718_1,１０％形态,54,100,71,61,85,115
0718_2_１０％形态,0718_2,１０％形态,54,100,71,61,85,115
0718_3_１０％形态,0718_3,１０％形态,54,100,71,61,85,115
0718_4_１０％形态,0718_4,１０％形态,54,100,71,61,85,115
0718_0_５０％形态,0718_0,５０％形态,108,100,121,81,95,95
0718_1_５０％形态,0718_1,５０％形态,108,100,121,81,95,95
0718_2_５０％形态,0718_2,５０％形态,108,100,121,81,95,95
0718_3_５０％形态,0718_3,５０％形态,108,100,121,81,95,95
0718_4_５０％形态,0718_4,５０％形态,108,100,121,81,95,95
0718_0_完全体形态,0718_0,完全体形态,216,100,121,91,95,85
0718_1_完全体形态,0718_1,完全体形态,216,100,121,91,95,85
0718_2_完全体形态,0718_2,完全体形态,216,100,121,91,95,85
0718_3_完全体形态,0718_3,完全体形态,216,100,121,91,95,85
0718_4_完全体形态,0718_4,完全体形态,216,100,121,91,95,85
0719_0_一般,0719_0,一般,50,100,150,100,150,50
0719_1_一般,0719_1,一般,50,100,150,100,150,50
0719_0_超级进化,0719_0,超级进化,50,160,110,160,110,110
0719_1_超级进化,0719_1,超级进化,50,160,110,160,110,110
0720_0_惩戒胡帕,0720_0,惩戒胡帕,80,110,60,150,130,70
0720_1_惩戒胡帕,0720_1,惩戒胡帕,80,110,60,150,130,70
0720_0_解放胡帕,0720_0,解放胡帕,80,160,60,170,130,80
0720_1_解放胡帕,0720_1,解放胡帕,80,160,60,170,130,80
0721_0_一般,0721_0,一般,80,110,120,130,90,70
0722_0_一般,0722_0,一般,68,55,55,50,50,42
0723_0_一般,0723_0,一般,78,75,75,70,70,52
0724_0_一般的样子,0724_0,一般的样子,78,107,75,100,100,70
0724_1_一般的样子,0724_1,一般的样子,78,107,75,100,100,70
0724_0_洗翠的样子,0724_0,洗翠的样子,88,112,80,95,95,60
0724_1_洗翠的样子,0724_1,洗翠的样子,88,112,80,95,95,60
0725_0_一般,0725_0,一般,45,65,40,60,40,70
0726_0_一般,0726_0,一般,65,85,50,80,50,90
0727_0_一般,0727_0,一般,95,115,90,80,90,60
0728_0_一般,0728_0,一般,50,54,54,66,56,40
0729_0_一般,0729_0,一般,60,69,69,91,81,50
0730_0_一般,0730_0,一般,80,74,74,126,116,60
0731_0_一般,0731_0,一般,35,75,30,30,30,65
0732_0_一般,0732_0,一般,55,85,50,40,50,75
0733_0_一般,0733_0,一般,80,120,75,75,75,60
0734_0_一般,0734_0,一般,48,70,30,30,30,45
0735_0_一般,0735_0,一般,88,110,60,55,60,45
0736_0_一般,0736_0,一般,47,62,45,55,45,46
0737_0_一般,0737_0,一般,57,82,95,55,75,36
0738_0_一般,0738_0,一般,77,70,90,145,75,43
0739_0_一般,0739_0,一般,47,82,57,42,47,63
0740_0_一般,0740_0,一般,97,132,77,62,67,43
0741_0_一般,0741_0,一般,75,70,70,98,70,93
0741_1_一般,0741_1,一般,75,70,70,98,70,93
0741_2_一般,0741_2,一般,75,70,70,98,70,93
0741_3_一般,0741_3,一般,75,70,70,98,70,93
0742_0_一般,0742_0,一般,40,45,40,55,40,84
0743_0_一般,0743_0,一般,60,55,60,95,70,124
0744_0_一般,0744_0,一般,45,65,40,30,40,60
0744_1_一般,0744_1,一般,45,65,40,30,40,60
0745_0_白昼的样子,0745_0,白昼的样子,75,115,65,55,65,112
0745_1_白昼的样子,0745_1,白昼的样子,75,115,65,55,65,112
0745_2_白昼的样子,0745_2,白昼的样子,75,115,65,55,65,112
0745_0_黑夜的样子,0745_0,黑夜的样子,85,115,75,55,75,82
0745_1_黑夜的样子,0745_1,黑夜的样子,85,115,75,55,75,82
0745_2_黑夜的样子,0745_2,黑夜的样子,85,115,75,55,75,82
0745_0_黄昏的样子,0745_0,黄昏的样子,75,117,65,55,65,110
0745_1_黄昏的样子,0745_1,黄昏的样子,75,117,65,55,65,110
0745_2_黄昏的样子,0745_2,黄昏的样子,75,117,65,55,65,110
0746_0_单独的样子,0746_0,单独的样子,45,20,20,25,25,40
0746_1_单独的样子,0746_1,单独的样子,45,20,20,25,25,40
0746_0_鱼群的样子,0746_0,鱼群的样子,45,140,130,140,135,30
0746_1_鱼群的样子,0746_1,鱼群的样子,45,140,130,140,135,30
0747_0_一般,0747_0,一般,50,53,62,43,52,45
0748_0_一般,0748_0,一般,50,63,152,53,142,35
0749_0_一般,0749_0,一般,70,100,70,45,55,45
0750_0_一般,0750_0,一般,100,125,100,55,85,35
0751_0_一般,0751_0,一般,38,40,52,40,72,27
0752_0_一般,0752_0,一般,68,70,92,50,132,42
0753_0_一般,0753_0,一般,40,55,35,50,35,35
0754_0_一般,0754_0,一般,70,105,90,80,90,45
0755_0_一般,0755_0,一般,40,35,55,65,75,15
0756_0_一般,0756_0,一般,60,45,80,90,100,30
0757_0_一般,0757_0,一般,48,44,40,71,40,77
0758_0_一般,0758_0,一般,68,64,60,111,60,117
0759_0_一般,0759_0,一般,70,75,50,45,50,50
0760_0_一般,0760_0,一般,120,125,80,55,60,60
0761_0_一般,0761_0,一般,42,30,38,30,38,32
0762_0_一般,0762_0,一般,52,40,48,40,48,62
0763_0_一般,0763_0,一般,72,120,98,50,98,72
0764_0_一般,0764_0,一般,51,52,90,82,110,100
0765_0_一般,0765_0,一般,90,60,80,90,110,60
0766_0_一般,0766_0,一般,100,120,90,40,60,80
0767_0_一般,0767_0,一般,25,35,40,20,30,80
0768_0_一般,0768_0,一般,75,125,140,60,90,40
0769_0_一般,0769_0,一般,55,55,80,70,45,15
0770_0_一般,0770_0,一般,85,75,110,100,75,35
0771_0_一般,0771_0,一般,55,60,130,30,130,5
0772_0_一般,0772_0,一般,95,95,95,95,95,59
0773_0_一般,0773_0,一般,95,95,95,95,95,95
0774_0_外壳,0774_0,外壳,60,60,100,60,100,60
0774_1_外壳,0774_1,外壳,60,60,100,60,100,60
0774_0_核心,0774_0,核心,60,100,60,100,60,120
0774_1_核心,0774_1,核心,60,100,60,100,60,120
0775_0_一般,0775_0,一般,65,115,65,75,95,65
0776_0_一般,0776_0,一般,60,78,135,91,85,36
0777_0_一般,0777_0,一般,65,98,63,40,73,96
0778_0_一般,0778_0,一般,55,90,80,50,105,96
0778_1_一般,0778_1,一般,55,90,80,50,105,96
0779_0_一般,0779_0,一般,68,105,70,70,70,92
0780_0_一般,0780_0,一般,78,60,85,135,91,36
0781_0_一般,0781_0,一般,70,131,100,86,90,40
0782_0_一般,0782_0,一般,45,55,65,45,45,45
0783_0_一般,0783_0,一般,55,75,90,65,70,65
0784_0_一般,0784_0,一般,75,110,125,100,105,85
0785_0_一般,0785_0,一般,70,115,85,95,75,130
0786_0_一般,0786_0,一般,70,85,75,130,115,95
0787_0_一般,0787_0,一般,70,130,115,85,95,75
0788_0_一般,0788_0,一般,70,75,115,95,130,85
0789_0_一般,0789_0,一般,43,29,31,29,31,37
0790_0_一般,0790_0,一般,43,29,131,29,131,37
0791_0_一般,0791_0,一般,137,137,107,113,89,97
0791_1_一般,0791_1,一般,137,137,107,113,89,97
0792_0_一般,0792_0,一般,137,113,89,137,107,97
0792_1_一般,0792_1,一般,137,113,89,137,107,97
0793_0_一般,0793_0,一般,109,53,47,127,131,103
0794_0_一般,0794_0,一般,107,139,139,53,53,79
0795_0_一般,0795_0,一般,71,137,37,137,37,151
0796_0_一般,0796_0,一般,83,89,71,173,71,83
0797_0_一般,0797_0,一般,97,101,103,107,101,61
0798_0_一般,0798_0,一般,59,181,131,59,31,109
0799_0_一般,0799_0,一般,223,101,53,97,53,43
0800_0_一般,0800_0,一般,97,107,101,127,89,79
0800_1_一般,0800_1,一般,97,107,101,127,89,79
0800_2_一般,0800_2,一般,97,107,101,127,89,79
0800_3_一般,0800_3,一般,97,107,101,127,89,79
0800_0_黄昏之鬃,0800_0,黄昏之鬃,97,157,127,113,109,77
0800_1_黄昏之鬃,0800_1,黄昏之鬃,97,157,127,113,109,77
0800_2_黄昏之鬃,0800_2,黄昏之鬃,97,157,127,113,109,77
0800_3_黄昏之鬃,0800_3,黄昏之鬃,97,157,127,113,109,77
0800_0_拂晓之翼,0800_0,拂晓之翼,97,113,109,157,127,77
0800_1_拂晓之翼,0800_1,拂晓之翼,97,113,109,157,127,77
0800_2_拂晓之翼,0800_2,拂晓之翼,97,113,109,157,127,77
0800_3_拂晓之翼,0800_3,拂晓之翼,97,113,109,157,127,77
0800_0_究极奈克洛兹玛,0800_0,究极奈克洛兹玛,97,167,97,167,97,129
0800_1_究极奈克洛兹玛,0800_1,究极奈克洛兹玛,97,167,97,167,97,129
0800_2_究极奈克洛兹玛,0800_2,究极奈克洛兹玛,97,167,97,167,97,129
0800_3_究极奈克洛兹玛,0800_3,究极奈克洛兹玛,97,167,97,167,97,129
0801_0_一般,0801_0,一般,80,95,115,130,115,65
0801_1_一般,0801_1,一般,80,95,115,130,115,65
0802_0_一般,0802_0,一般,90,125,80,90,90,125
0803_0_一般,0803_0,一般,67,73,67,73,67,73
0804_0_一般,0804_0,一般,73,73,73,127,73,121
0805_0_一般,0805_0,一般,61,131,211,53,101,13
0806_0_一般,0806_0,一般,53,127,53,151,79,107
0807_0_一般,0807_0,一般,88,112,75,102,80,143
0808_0_一般,0808_0,一般,46,65,65,55,35,34
0809_0_一般,0809_0,一般,135,143,143,80,65,34
0809_1_一般,0809_1,一般,135,143,143,80,65,34
0810_0_一般,0810_0,一般,50,65,50,40,40,65
0811_0_一般,0811_0,一般,70,85,70,55,60,80
0812_0_一般,0812_0,一般,100,125,90,60,70,85
0812_1_一般,0812_1,一般,100,125,90,60,70,85
0813_0_一般,0813_0,一般,50,71,40,40,40,69
0814_0_一般,0814_0,一般,65,86,60,55,60,94
0815_0_一般,0815_0,一般,80,116,75,65,75,119
0815_1_一般,0815_1,一般,80,116,75,65,75,119
0816_0_一般,0816_0,一般,50,40,40,70,40,70
0817_0_一般,0817_0,一般,65,60,55,95,55,90
0818_0_一般,0818_0,一般,70,85,65,125,65,120
0818_1_一般,0818_1,一般,70,85,65,125,65,120
0819_0_一般,0819_0,一般,70,55,55,35,35,25
0820_0_一般,0820_0,一般,120,95,95,55,75,20
0821_0_一般,0821_0,一般,38,47,35,33,35,57
0822_0_一般,0822_0,一般,68,67,55,43,55,77
0823_0_一般,0823_0,一般,98,87,105,53,85,67
0823_1_一般,0823_1,一般,98,87,105,53,85,67
0824_0_一般,0824_0,一般,25,20,20,25,45,45
0825_0_一般,0825_0,一般,50,35,80,50,90,30
0826_0_一般,0826_0,一般,60,45,110,80,120,90
0826_1_一般,0826_1,一般,60,45,110,80,120,90
0827_0_一般,0827_0,一般,40,28,28,47,52,50
0828_0_一般,0828_0,一般,70,58,58,87,92,90
0828_0_一般,0828_0,一般,70,58,58,87,92,90
0829_0_一般,0829_0,一般,40,40,60,40,60,10
0830_0_一般,0830_0,一般,60,50,90,80,120,60
0831_0_一般,0831_0,一般,42,40,55,40,45,48
0832_0_一般,0832_0,一般,72,80,100,60,90,88
0833_0_一般,0833_0,一般,50,64,50,38,38,44
0834_0_一般,0834_0,一般,90,115,90,48,68,74
0834_1_一般,0834_1,一般,90,115,90,48,68,74
0835_0_一般,0835_0,一般,59,45,50,40,50,26
0836_0_一般,0836_0,一般,69,90,60,90,60,121
0837_0_一般,0837_0,一般,30,40,50,40,50,30
0838_0_一般,0838_0,一般,80,60,90,60,70,50
0839_0_一般,0839_0,一般,110,80,120,80,90,30
0839_1_一般,0839_1,一般,110,80,120,80,90,30
0840_0_一般,0840_0,一般,40,40,80,40,40,20
0841_0_一般,0841_0,一般,70,110,80,95,60,70
0841_1_一般,0841_1,一般,70,110,80,95,60,70
0842_0_一般,0842_0,一般,110,85,80,100,80,30
0842_1_一般,0842_1,一般,110,85,80,100,80,30
0843_0_一般,0843_0,一般,52,57,75,35,50,46
0844_0_一般,0844_0,一般,72,107,125,65,70,71
0844_1_一般,0844_1,一般,72,107,125,65,70,71
0845_0_一般,0845_0,一般,70,85,55,85,95,85
0845_1_一般,0845_1,一般,70,85,55,85,95,85
0845_2_一般,0845_2,一般,70,85,55,85,95,85
0846_0_一般,0846_0,一般,41,63,40,40,30,66
0847_0_一般,0847_0,一般,61,123,60,60,50,136
0848_0_一般,0848_0,一般,40,38,35,54,35,40
0849_0_一般,0849_0,一般,75,98,70,114,70,75
0849_1_一般,0849_1,一般,75,98,70,114,70,75
0849_2_一般,0849_2,一般,75,98,70,114,70,75
0850_0_一般,0850_0,一般,50,65,45,50,50,45
0851_0_一般,0851_0,一般,100,115,65,90,90,65
0851_1_一般,0851_1,一般,100,115,65,90,90,65
0852_0_一般,0852_0,一般,50,68,60,50,50,32
0853_0_一般,0853_0,一般,80,118,90,70,80,42
0854_0_一般,0854_0,一般,40,45,45,74,54,50
0855_0_一般,0855_0,一般,60,65,65,134,114,70
0856_0_一般,0856_0,一般,42,30,45,56,53,39
0857_0_一般,0857_0,一般,57,40,65,86,73,49
0858_0_一般,0858_0,一般,57,90,95,136,103,29
0858_1_一般,0858_1,一般,57,90,95,136,103,29
0859_0_一般,0859_0,一般,45,45,30,55,40,50
0860_0_一般,0860_0,一般,65,60,45,75,55,70
0861_0_一般,0861_0,一般,95,120,65,95,75,60
0861_1_一般,0861_1,一般,95,120,65,95,75,60
0862_0_一般,0862_0,一般,93,90,101,60,81,95
0863_0_一般,0863_0,一般,70,110,100,50,60,50
0864_0_一般,0864_0,一般,60,95,50,145,130,30
0865_0_一般,0865_0,一般,62,135,95,68,82,65
0866_0_一般,0866_0,一般,80,85,75,110,100,70
0867_0_一般,0867_0,一般,58,95,145,50,105,30
0868_0_一般,0868_0,一般,45,40,40,50,61,34
0869_0_一般,0869_0,一般,65,60,75,110,121,64
0869_1_一般,0869_1,一般,65,60,75,110,121,64
0870_0_一般,0870_0,一般,65,100,100,70,60,75
0871_0_一般,0871_0,一般,48,101,95,91,85,15
0872_0_一般,0872_0,一般,30,25,35,45,30,20
0873_0_一般,0873_0,一般,70,65,60,125,90,65
0874_0_一般,0874_0,一般,100,125,135,20,20,70
0875_0_一般,0875_0,一般,75,80,110,65,90,50
0875_1_一般,0875_1,一般,75,80,110,65,90,50
0875_0_解冻形态,0875_0,解冻形态,75,80,70,65,50,130
0875_1_解冻形态,0875_1,解冻形态,75,80,70,65,50,130
0876_0_雄性的样子,0876_0,雄性的样子,60,65,55,105,95,95
0876_1_雄性的样子,0876_1,雄性的样子,60,65,55,105,95,95
0876_0_雌性的样子,0876_0,雌性的样子,70,55,65,95,105,85
0876_1_雌性的样子,0876_1,雌性的样子,70,55,65,95,105,85
0877_0_一般,0877_0,一般,58,95,58,70,58,97
0877_1_一般,0877_1,一般,58,95,58,70,58,97
0878_0_一般,0878_0,一般,72,80,49,40,49,40
0879_0_一般,0879_0,一般,122,130,69,80,69,30
0879_1_一般,0879_1,一般,122,130,69,80,69,30
0880_0_一般,0880_0,一般,90,100,90,80,70,75
0881_0_一般,0881_0,一般,90,100,90,90,80,55
0882_0_一般,0882_0,一般,90,90,100,70,80,75
0883_0_一般,0883_0,一般,90,90,100,80,90,55
0884_0_一般,0884_0,一般,70,95,115,120,50,85
0884_1_一般,0884_1,一般,70,95,115,120,50,85
0885_0_一般,0885_0,一般,28,60,30,40,30,82
0886_0_一般,0886_0,一般,68,80,50,60,50,102
0887_0_一般,0887_0,一般,88,120,75,100,75,142
0888_0_百战勇者（第九世代起）,0888_0,百战勇者（第九世代起）,92,120,115,80,115,138
0888_1_百战勇者（第九世代起）,0888_1,百战勇者（第九世代起）,92,120,115,80,115,138
0888_0_剑之王（第九世代起）,0888_0,剑之王（第九世代起）,92,150,115,80,115,148
0888_1_剑之王（第九世代起）,0888_1,剑之王（第九世代起）,92,150,115,80,115,148
0888_0_百战勇者（第九世代之前）,0888_0,百战勇者（第九世代之前）,92,130,115,80,115,138
0888_1_百战勇者（第九世代之前）,0888_1,百战勇者（第九世代之前）,92,130,115,80,115,138
0888_0_剑之王（第九世代之前）,0888_0,剑之王（第九世代之前）,92,170,115,80,115,148
0888_1_剑之王（第九世代之前）,0888_1,剑之王（第九世代之前）,92,170,115,80,115,148
0889_0_百战勇者（第九世代起）,0889_0,百战勇者（第九世代起）,92,120,115,80,115,138
0889_1_百战勇者（第九世代起）,0889_1,百战勇者（第九世代起）,92,120,115,80,115,138
0889_0_盾之王（第九世代起）,0889_0,盾之王（第九世代起）,92,120,140,80,140,128
0889_1_盾之王（第九世代起）,0889_1,盾之王（第九世代起）,92,120,140,80,140,128
0889_0_百战勇者（第九世代之前）,0889_0,百战勇者（第九世代之前）,92,130,115,80,115,138
0889_1_百战勇者（第九世代之前）,0889_1,百战勇者（第九世代之前）,92,130,115,80,115,138
0889_0_盾之王（第九世代之前）,0889_0,盾之王（第九世代之前）,92,130,145,80,145,128
0889_1_盾之王（第九世代之前）,0889_1,盾之王（第九世代之前）,92,130,145,80,145,128
0890_0_一般形态,0890_0,一般形态,140,85,95,145,95,130
0890_1_一般形态,0890_1,一般形态,140,85,95,145,95,130
0890_0_无极巨化,0890_0,无极巨化,255,115,250,125,250,130
0890_1_无极巨化,0890_1,无极巨化,255,115,250,125,250,130
0891_0_一般,0891_0,一般,60,90,60,53,50,72
0892_0_一击流,0892_0,一击流,100,130,100,63,60,97
0892_1_一击流,0892_1,一击流,100,130,100,63,60,97
0892_2_一击流,0892_2,一击流,100,130,100,63,60,97
0892_3_一击流,0892_3,一击流,100,130,100,63,60,97
0892_0_连击流,0892_0,连击流,100,130,100,63,60,97
0892_1_连击流,0892_1,连击流,100,130,100,63,60,97
0892_2_连击流,0892_2,连击流,100,130,100,63,60,97
0892_3_连击流,0892_3,连击流,100,130,100,63,60,97
0893_0_一般,0893_0,一般,105,120,105,70,95,105
0893_1_一般,0893_1,一般,105,120,105,70,95,105
0894_0_一般,0894_0,一般,80,100,50,100,50,200
0895_0_一般,0895_0,一般,200,100,50,100,50,80
0896_0_一般,0896_0,一般,100,145,130,65,110,30
0897_0_一般,0897_0,一般,100,65,60,145,80,130
0898_0_蕾冠王,0898_0,蕾冠王,100,80,80,80,80,80
0898_1_蕾冠王,0898_1,蕾冠王,100,80,80,80,80,80
0898_2_蕾冠王,0898_2,蕾冠王,100,80,80,80,80,80
0898_0_骑白马的样子,0898_0,骑白马的样子,100,165,150,85,130,50
0898_1_骑白马的样子,0898_1,骑白马的样子,100,165,150,85,130,50
0898_2_骑白马的样子,0898_2,骑白马的样子,100,165,150,85,130,50
0898_0_骑黑马的样子,0898_0,骑黑马的样子,100,85,80,165,100,150
0898_1_骑黑马的样子,0898_1,骑黑马的样子,100,85,80,165,100,150
0898_2_骑黑马的样子,0898_2,骑黑马的样子,100,85,80,165,100,150
0899_0_一般,0899_0,一般,103,105,72,105,75,65
0900_0_一般,0900_0,一般,70,135,95,45,70,85
0901_0_月月熊,0901_0,月月熊,130,140,105,45,80,50
0901_1_月月熊,0901_1,月月熊,130,140,105,45,80,50
0901_0_赫月,0901_0,赫月,113,70,120,135,65,52
0901_1_赫月,0901_1,赫月,113,70,120,135,65,52
0902_0_雄性的样子,0902_0,雄性的样子,120,112,65,80,75,78
0902_1_雄性的样子,0902_1,雄性的样子,120,112,65,80,75,78
0902_0_雌性的样子,0902_0,雌性的样子,120,92,65,100,75,78
0902_1_雌性的样子,0902_1,雌性的样子,120,92,65,100,75,78
0903_0_一般,0903_0,一般,80,130,60,40,80,120
0904_0_一般,0904_0,一般,85,115,95,65,65,85
0905_0_化身形态,0905_0,化身形态,74,115,70,135,80,106
0905_1_化身形态,0905_1,化身形态,74,115,70,135,80,106
0905_0_灵兽形态,0905_0,灵兽形态,74,115,110,135,100,46
0905_1_灵兽形态,0905_1,灵兽形态,74,115,110,135,100,46
0906_0_一般,0906_0,一般,40,61,54,45,45,65
0907_0_一般,0907_0,一般,61,80,63,60,63,83
0908_0_一般,0908_0,一般,76,110,70,81,70,123
0909_0_一般,0909_0,一般,67,45,59,63,40,36
0910_0_一般,0910_0,一般,81,55,78,90,58,49
0911_0_一般,0911_0,一般,104,75,100,110,75,66
0912_0_一般,0912_0,一般,55,65,45,50,45,50
0913_0_一般,0913_0,一般,70,85,65,65,60,65
0914_0_一般,0914_0,一般,85,120,80,85,75,85
0915_0_一般,0915_0,一般,54,45,40,35,45,35
0916_0_雄性的样子,0916_0,雄性的样子,110,100,75,59,80,65
0916_1_雄性的样子,0916_1,雄性的样子,110,100,75,59,80,65
0916_0_雌性的样子,0916_0,雌性的样子,115,90,70,59,90,65
0916_1_雌性的样子,0916_1,雌性的样子,115,90,70,59,90,65
0917_0_一般,0917_0,一般,35,41,45,29,40,20
0918_0_一般,0918_0,一般,60,79,92,52,86,35
0919_0_一般,0919_0,一般,33,46,40,21,25,45
0920_0_一般,0920_0,一般,71,102,78,52,55,92
0921_0_一般,0921_0,一般,45,50,20,40,25,60
0922_0_一般,0922_0,一般,60,75,40,50,40,85
0923_0_一般,0923_0,一般,70,115,70,70,60,105
0924_0_一般,0924_0,一般,50,50,45,40,45,75
0925_0_一般,0925_0,一般,74,75,70,65,75,111
0925_1_一般,0925_1,一般,74,75,70,65,75,111
0926_0_一般,0926_0,一般,37,55,70,30,55,65
0927_0_一般,0927_0,一般,57,80,115,50,80,95
0928_0_一般,0928_0,一般,41,35,45,58,51,30
0929_0_一般,0929_0,一般,52,53,60,78,78,33
0930_0_一般,0930_0,一般,78,69,90,125,109,39
0931_0_一般,0931_0,一般,82,96,51,45,51,92
0931_1_一般,0931_1,一般,82,96,51,45,51,92
0931_2_一般,0931_2,一般,82,96,51,45,51,92
0931_3_一般,0931_3,一般,82,96,51,45,51,92
0932_0_一般,0932_0,一般,55,55,75,35,35,25
0933_0_一般,0933_0,一般,60,60,100,35,65,35
0934_0_一般,0934_0,一般,100,100,130,45,90,35
0935_0_一般,0935_0,一般,40,50,40,50,40,35
0936_0_一般,0936_0,一般,85,60,100,125,80,75
0937_0_一般,0937_0,一般,75,125,80,60,100,85
0938_0_一般,0938_0,一般,61,31,41,59,35,45
0939_0_一般,0939_0,一般,109,64,91,103,83,45
0940_0_一般,0940_0,一般,40,40,35,55,40,70
0941_0_一般,0941_0,一般,70,70,60,105,60,125
0942_0_一般,0942_0,一般,60,78,60,40,51,51
0943_0_一般,0943_0,一般,80,120,90,60,70,85
0944_0_一般,0944_0,一般,40,65,35,40,35,75
0945_0_一般,0945_0,一般,63,95,65,80,72,110
0946_0_一般,0946_0,一般,40,65,30,45,35,60
0947_0_一般,0947_0,一般,55,115,70,80,70,90
0948_0_一般,0948_0,一般,40,40,35,50,100,70
0949_0_一般,0949_0,一般,80,70,65,80,120,100
0950_0_一般,0950_0,一般,70,100,115,35,55,75
0951_0_一般,0951_0,一般,50,62,40,62,40,50
0952_0_一般,0952_0,一般,65,108,65,108,65,75
0953_0_一般,0953_0,一般,41,50,60,31,58,30
0954_0_一般,0954_0,一般,75,50,85,115,100,45
0955_0_一般,0955_0,一般,30,35,30,55,30,75
0956_0_一般,0956_0,一般,95,60,60,101,60,105
0957_0_一般,0957_0,一般,50,45,45,35,64,58
0958_0_一般,0958_0,一般,65,55,55,45,82,78
0959_0_一般,0959_0,一般,85,75,77,70,105,94
0960_0_一般,0960_0,一般,10,55,25,35,25,95
0961_0_一般,0961_0,一般,35,100,50,50,70,120
0962_0_一般,0962_0,一般,70,103,85,60,85,82
0963_0_一般,0963_0,一般,70,45,40,45,40,75
0964_0_平凡形态,0964_0,平凡形态,100,70,72,53,62,100
0964_1_平凡形态,0964_1,平凡形态,100,70,72,53,62,100
0964_0_全能形态,0964_0,全能形态,100,160,97,106,87,100
0964_1_全能形态,0964_1,全能形态,100,160,97,106,87,100
0965_0_一般,0965_0,一般,45,70,63,30,45,47
0966_0_一般,0966_0,一般,80,119,90,54,67,90
0967_0_一般,0967_0,一般,70,95,65,85,65,121
0968_0_一般,0968_0,一般,70,85,145,60,55,65
0969_0_一般,0969_0,一般,48,35,42,105,60,60
0970_0_一般,0970_0,一般,83,55,90,130,81,86
0971_0_一般,0971_0,一般,50,61,60,30,55,34
0972_0_一般,0972_0,一般,72,101,100,50,97,68
0973_0_一般,0973_0,一般,82,115,74,75,64,90
0974_0_一般,0974_0,一般,108,68,45,30,40,43
0975_0_一般,0975_0,一般,170,113,65,45,55,73
0976_0_一般,0976_0,一般,90,102,73,78,65,70
0977_0_一般,0977_0,一般,150,100,115,65,65,35
0978_0_一般,0978_0,一般,68,50,60,120,95,82
0978_1_一般,0978_1,一般,68,50,60,120,95,82
0978_2_一般,0978_2,一般,68,50,60,120,95,82
0979_0_一般,0979_0,一般,110,115,80,50,90,90
0980_0_一般,0980_0,一般,130,75,60,45,100,20
0981_0_一般,0981_0,一般,120,90,70,110,70,60
0982_0_一般,0982_0,一般,125,100,80,85,75,55
0982_1_一般,0982_1,一般,125,100,80,85,75,55
0983_0_一般,0983_0,一般,100,135,120,60,85,50
0984_0_一般,0984_0,一般,115,131,131,53,53,87
0985_0_一般,0985_0,一般,115,65,99,65,115,111
0986_0_一般,0986_0,一般,111,127,99,79,99,55
0987_0_一般,0987_0,一般,55,55,55,135,135,135
0988_0_一般,0988_0,一般,85,135,79,85,105,81
0989_0_一般,0989_0,一般,85,81,97,121,85,101
0990_0_一般,0990_0,一般,90,112,120,72,70,106
0991_0_一般,0991_0,一般,56,80,114,124,60,136
0992_0_一般,0992_0,一般,154,140,108,50,68,50
0993_0_一般,0993_0,一般,94,80,86,122,80,108
0994_0_一般,0994_0,一般,80,70,60,140,110,110
0995_0_一般,0995_0,一般,100,134,110,70,84,72
0996_0_一般,0996_0,一般,65,75,45,35,45,55
0997_0_一般,0997_0,一般,90,95,66,45,65,62
0998_0_一般,0998_0,一般,115,145,92,75,86,87
0999_0_宝箱形态,0999_0,宝箱形态,45,30,70,75,70,10
0999_1_宝箱形态,0999_1,宝箱形态,45,30,70,75,70,10
0999_0_徒步形态,0999_0,徒步形态,45,30,25,75,45,80
0999_1_徒步形态,0999_1,徒步形态,45,30,25,75,45,80
1000_0_一般,1000_0,一般,87,60,95,133,91,84
1001_0_一般,1001_0,一般,85,85,100,95,135,70
1002_0_一般,1002_0,一般,80,120,80,90,65,135
1003_0_一般,1003_0,一般,155,110,125,55,80,45
1004_0_一般,1004_0,一般,55,80,80,135,120,100
1005_0_一般,1005_0,一般,105,139,71,55,101,119
1006_0_一般,1006_0,一般,74,130,90,120,60,116
1007_0_一般,1007_0,一般,100,135,115,85,100,135
1008_0_一般,1008_0,一般,100,85,100,135,115,135
1009_0_一般,1009_0,一般,99,83,91,125,83,109
1010_0_一般,1010_0,一般,90,130,88,70,108,104
1011_0_一般,1011_0,一般,80,80,110,95,80,40
1012_0_一般,1012_0,一般,40,45,45,74,54,50
1013_0_一般,1013_0,一般,71,60,106,121,80,70
1014_0_一般,1014_0,一般,88,128,115,58,86,80
1015_0_一般,1015_0,一般,88,75,66,130,90,106
1016_0_一般,1016_0,一般,88,91,82,70,125,99
1017_0_一般,1017_0,一般,80,120,84,60,96,110
1017_1_一般,1017_1,一般,80,120,84,60,96,110
1017_2_一般,1017_2,一般,80,120,84,60,96,110
1017_3_一般,1017_3,一般,80,120,84,60,96,110
1018_0_一般,1018_0,一般,90,105,130,125,65,85
1019_0_一般,1019_0,一般,106,80,110,120,80,44
1020_0_一般,1020_0,一般,105,115,121,65,93,91
1021_0_一般,1021_0,一般,125,73,91,137,89,75
1022_0_一般,1022_0,一般,90,120,80,68,108,124
1023_0_一般,1023_0,一般,90,72,100,122,108,98
1024_0_普通形态,1024_0,普通形态,90,65,85,65,85,60
1024_1_普通形态,1024_1,普通形态,90,65,85,65,85,60
1024_2_普通形态,1024_2,普通形态,90,65,85,65,85,60
1024_0_太晶形态,1024_0,太晶形态,95,95,110,105,110,85
1024_1_太晶形态,1024_1,太晶形态,95,95,110,105,110,85
1024_2_太晶形态,1024_2,太晶形态,95,95,110,105,110,85
1024_0_星晶形态,1024_0,星晶形态,160,105,110,130,110,85
1024_1_星晶形态,1024_1,星晶形态,160,105,110,130,110,85
1024_2_星晶形态,1024_2,星晶形态,160,105,110,130,110,85
1025_0_一般,1025_0,一般,88,88,160,88,88,88
